id,doc_prod_num_id,num_sku,num_asin,num_product_amazon_id,num_fnsku,name_fg_color_id,name_fg_size_id,Product#,val_freight,val_duty,val_dest,val_storage,,,행 레이블,val_freight,val_duty,val_dest,val_storage,,행 레이블,Product Number,"오더
차수",합계 : 실제 수량,,행 레이블,Product Number,오더차수, 합계 : 실제 수량 , F/pcs , D/pcs , O/pcs , S/pcs ,, Freight , Duty , Other , Storage ,,행 레이블,평균 : F/pcs,평균 : D/pcs,평균 : O/pcs,평균 : S/pcs
1,1,NF2001_#BK1,B08VHQX9P6,1.94E+11,X002SKZEYD,1,10,NF2001,2.1217,0.8425,0.2418,0.0128,,,NF2001,2.1217,0.8425,0.2418,0.0128,,3382101962,NF2009,1,24,,3382101962,NF2009,1, 24 , 5.89 , - , - , 1.99 ,, 565.71 , - , - , 191.25 ,,NF2001, 1.59 , 0.66 , 0.24 , 0.04 
2,1,NF2001_#BK2,B08VHPJGWR,1.94E+11,X002SKZEY3,1,12,NF2001,2.1217,0.8425,0.2418,0.0128,,,NF2002,2.1217,0.8425,0.2418,0.0128,,3382101962,NF2014,1,36,,3382101962,NF2014,1, 36 , 5.89 , - , - , 1.99 ,,,,,,,NF2002, 1.05 , 0.77 , 0.20 , 0.03 
3,1,NF2001_#BK3,B08VHQ9NNR,1.94E+11,X002SL5MJJ,1,11,NF2001,2.1217,0.8425,0.2418,0.0128,,,NF2003,2.1217,0.8425,0.2418,0.0128,,3382101962,NF2015,1,36,,3382101962,NF2015,1, 36 , 5.89 , - , - , 1.99 ,,,,,,,NF2003, 1.59 , 0.66 , 0.24 , 0.04 
4,1,NF2001_#BK4,B08VHNPS4S,1.94E+11,X002SL1DN3,1,13,NF2001,2.1217,0.8425,0.2418,0.0128,,,NF2004,2.1217,0.8425,0.2418,0.0128,,8266490540,NF2008,1,24,,8266490540,NF2008,1, 24 , 5.89 , - , - , 2.22 ,, 565.71 , - , - , 213.25 ,,NF2004, 2.00 , 0.86 , 0.78 , 0.06 
5,1,NF2001_#BN1,B08VHP255Y,1.94E+11,X002SKYDC7,2,10,NF2001,2.1217,0.8425,0.2418,0.0128,,,NF2005,2.7537,1.7978,0.3206,0.003,,8266490540,NF2011,1,36,,8266490540,NF2011,1, 36 , 5.89 , - , - , 2.22 ,,,,,,,NF2005, 1.91 , 1.40 , 0.47 , 0.03 
6,1,NF2001_#BN2,B08VHN6TXB,1.94E+11,X002SL1DND,2,12,NF2001,2.1217,0.8425,0.2418,0.0128,,,NF2006,2.0225,0.9513,0.4839,0.0007,,8266490540,NF2012,1,36,,8266490540,NF2012,1, 36 , 5.89 , - , - , 2.22 ,,,,,,,NF2006, 1.62 , 0.87 , 0.63 , 0.03 
7,1,NF2001_#BN3,B08VHR3SX4,1.94E+11,X002SKZEXT,2,11,NF2001,2.1217,0.8425,0.2418,0.0128,,,NF2007,2.0225,0.9513,0.4839,0.0007,,HJHAN2102061,NF2001,1,1002,,HJHAN2102061,NF2001,1," 1,002 ", 1.59 , 0.66 , 0.24 , 0.04 ,," 8,596.30 "," 3,582.35 "," 1,279.00 ", 228.60 ,,NF2007, 0.87 , 1.07 , 0.82 , 0.02 
8,1,NF2001_#BN4,B08VHPZY4G,1.94E+11,X002SL5MJT,2,13,NF2001,2.1217,0.8425,0.2418,0.0128,,,NF2008,0.5132,1.0136,0.014,0.0028,,HJHAN2102061,NF2002,1,1100,,HJHAN2102061,NF2002,1," 1,100 ", 1.59 , 0.66 , 0.24 , 0.04 ,,,,,,,NF2008, 3.07 , 0.50 , 0.13 , 1.12 
9,1,NF2001_#PR1,B08VHNSPVV,1.94E+11,X002SL5MJ9,3,10,NF2001,2.1217,0.8425,0.2418,0.0128,,,NF2009,0.5132,1.0136,0.014,0.0028,,HJHAN2102061,NF2003,1,2200,,HJHAN2102061,NF2003,1," 2,200 ", 1.59 , 0.66 , 0.24 , 0.04 ,,,,,,,NF2009, 3.07 , 0.50 , 0.13 , 1.00 
10,1,NF2001_#PR2,B08VHNGPLG,1.94E+11,X002SKYDBX,3,12,NF2001,2.1217,0.8425,0.2418,0.0128,,,NF2010,2.0225,0.9513,0.4839,0.0007,,HJHAN2102061,NF2004,1,1100,,HJHAN2102061,NF2004,1," 1,100 ", 1.59 , 0.66 , 0.24 , 0.04 ,,,,,,,NF2010, 1.62 , 0.87 , 0.63 , 0.03 
11,1,NF2001_#PR3,B08VHQDK1Q,1.94E+11,X002SKZEXJ,3,11,NF2001,2.1217,0.8425,0.2418,0.0128,,,NF2011,0.5132,1.0136,0.014,0.0028,,HJHAN2103141,NF2006,1,400,,HJHAN2103141,NF2006,1, 400 , 1.62 , 0.87 , 0.63 , 0.03 ,," 3,209.60 "," 1,719.00 "," 1,259.60 ", 61.02 ,,NF2011, 3.07 , 0.50 , 0.13 , 1.12 
12,1,NF2001_#PR4,B08VHPQQ2F,1.94E+11,X002SL1DMT,3,13,NF2001,2.1217,0.8425,0.2418,0.0128,,,NF2012,0.5132,1.0136,0.014,0.0028,,HJHAN2103141,NF2007,1,1085,,HJHAN2103141,NF2007,1," 1,085 ", 1.62 , 0.87 , 0.63 , 0.03 ,,,,,,,NF2012, 3.07 , 0.50 , 0.13 , 1.12 
13,2,NF2002_#BE1,B098TGX6ZF,1.94E+11,B098TGX6ZF,42,10,NF2002,2.1217,0.8425,0.2418,0.0128,,,NF2013,3.8086,3.5185,0.5197,0.0048,,HJHAN2103141,NF2010,1,502,,HJHAN2103141,NF2010,1, 502 , 1.62 , 0.87 , 0.63 , 0.03 ,,,,,,,NF2013, 3.25 , 3.12 , 0.55 , 0.05 
14,2,NF2002_#BE2,B098TH4ZLL,1.94E+11,B098TH4ZLL,42,12,NF2002,2.1217,0.8425,0.2418,0.0128,,,NF2014,0.5132,1.0136,0.014,0.0028,,HJHAN2103142,SN2003,1,500,,HJHAN2103142,SN2003,1, 500 , 2.28 , 2.43 , 0.91 , 0.04 ,," 2,284.80 "," 2,429.93 ", 914.72 , 43.08 ,,NF2014, 3.07 , 0.50 , 0.13 , 1.00 
15,2,NF2002_#BE3,B098TH2Z2Z,1.94E+11,B098TH2Z2Z,42,11,NF2002,2.1217,0.8425,0.2418,0.0128,,,NF2015,0.5132,1.0136,0.014,0.0028,,HJHAN2103142,SN2004,1,500,,HJHAN2103142,SN2004,1, 500 , 2.28 , 2.43 , 0.91 , 0.04 ,,,,,,,NF2015, 3.07 , 0.50 , 0.13 , 1.00 
16,2,NF2002_#BE4,B098TFYGGD,1.94E+11,B098TFYGGD,42,13,NF2002,2.1217,0.8425,0.2418,0.0128,,,NF2101,1.2774,1.442,0,0,,WTA2104083,NF2013,1,527,,WTA2104083,NF2013,1, 527 , 3.25 , 3.12 , 0.55 , 0.05 ,," 8,179.50 "," 7,856.72 "," 1,380.54 ", 115.82 ,,NF2101, 0.13 , 1.27 , 1.00 , - 
17,2,NF2002_#BE5,B098TH13Z3,1.94E+11,B098TH13Z3,42,14,NF2002,2.1217,0.8425,0.2418,0.0128,,,NF2102,1.2774,1.442,0,0,,WTA2104083,SN2001,1,810,,WTA2104083,SN2001,1, 810 , 3.25 , 3.12 , 0.55 , 0.05 ,,,,,,,NF2102, 0.13 , 1.27 , 1.00 , - 
18,2,NF2002_#BL1,B098TGMKCX,1.94E+11,B098TGMKCX,37,10,NF2002,2.1217,0.8425,0.2418,0.0128,,,NF2103,1.2774,1.442,0,0,,WTA2104083,SN2002,1,1182,,WTA2104083,SN2002,1," 1,182 ", 3.25 , 3.12 , 0.55 , 0.05 ,,,,,,,NF2103, 0.13 , 1.27 , 1.00 , - 
19,2,NF2002_#BL2,B098TK4D3J,1.94E+11,B098TK4D3J,37,12,NF2002,2.1217,0.8425,0.2418,0.0128,,,NF2104,3.0454,2.6056,0.5707,0.0829,,WTA2104084,NF2005,1,1367,,WTA2104084,NF2005,1," 1,367 ", 1.91 , 1.40 , 0.47 , 0.03 ,," 2,616.00 "," 1,920.05 ", 636.46 , 34.18 ,,NF2104, 1.65 , 1.86 , 0.53 , 0.47 
20,2,NF2002_#BL3,B098TGD6YK,1.94E+11,B098TGD6YK,37,11,NF2002,2.1217,0.8425,0.2418,0.0128,,,NF2105,3.0454,2.6056,0.5707,0.0829,,WTA2107023,NF2004,1,555,,WTA2107023,NF2004,1, 555 , 2.88 , 0.95 , 1.01 , 0.09 ,," 1,598.00 ", 524.51 , 561.15 , 48.00 ,,NF2105, 1.65 , 1.86 , 0.53 , 0.47 
21,2,NF2002_#BL4,B098TGLCN6,1.94E+11,B098TGLCN6,37,13,NF2002,2.1217,0.8425,0.2418,0.0128,,,NF2106,1.2774,1.442,0,0,,WTA2108002,NF2004,1,400,,WTA2108002,NF2004,1, 400 , 3.03 , 0.96 , 1.72 , 0.07 ,," 1,213.80 ", 385.63 , 686.66 , 29.50 ,,NF2106, 0.13 , 1.27 , 1.00 , - 
22,2,NF2002_#BL5,B098TFQXB8,1.94E+11,B098TFQXB8,37,14,NF2002,2.1217,0.8425,0.2418,0.0128,,,NF2108,3.0454,2.6056,0.5707,0.0829,,WTHPH2108022,NF2002,2,2702,,WTHPH2108022,NF2002,2," 2,702 ", 0.51 , 0.88 , 0.16 , 0.02 ,," 3,813.48 "," 6,645.40 "," 1,207.70 ", 168.56 ,,NF2108, 1.65 , 1.86 , 0.53 , 0.47 
23,2,NF2002_#DG1,B098TH9HQZ,1.94E+11,B098TH9HQZ,41,10,NF2002,2.1217,0.8425,0.2418,0.0128,,,SN2001,3.8086,3.5185,0.5197,0.0048,,WTHPH2108022,NF2004,2,4845,,WTHPH2108022,NF2004,2," 4,845 ", 0.51 , 0.88 , 0.16 , 0.02 ,,,,,,,SN2001, 3.25 , 3.12 , 0.55 , 0.05 
24,2,NF2002_#DG2,B098TFXBY8,1.94E+11,B098TFXBY8,41,12,NF2002,2.1217,0.8425,0.2418,0.0128,,,SN2002,3.8086,3.5185,0.5197,0.0048,,WTHPH2110024,NF2007,1,3631,,WTHPH2110024,NF2007,1," 3,631 ", 0.13 , 1.27 , 1.00 , - ,, 832.30 ," 8,441.55 "," 6,645.40 ", - ,,SN2002, 3.25 , 3.12 , 0.55 , 0.05 
25,2,NF2002_#DG3,B098THGJ4F,1.94E+11,B098THGJ4F,41,11,NF2002,2.1217,0.8425,0.2418,0.0128,,,SN2003,2.6598,2.4299,0.5819,0.0009,,WTHPH2110024,NF2101,1,485,,WTHPH2110024,NF2101,1, 485 , 0.13 , 1.27 , 1.00 , - ,,,,,,,SN2003, 2.28 , 2.43 , 0.91 , 0.04 
26,2,NF2002_#DG4,B098TGH2LN,1.94E+11,B098TGH2LN,41,13,NF2002,2.1217,0.8425,0.2418,0.0128,,,SN2004,2.6598,2.4299,0.5819,0.0009,,WTHPH2110024,NF2102,1,500,,WTHPH2110024,NF2102,1, 500 , 0.13 , 1.27 , 1.00 , - ,,,,,,,SN2004, 2.28 , 2.43 , 0.91 , 0.04 
27,2,NF2002_#DG5,B098THQ5DK,1.94E+11,B098THQ5DK,41,14,NF2002,2.1217,0.8425,0.2418,0.0128,,,SN2101,1.2774,1.442,0,0,,WTHPH2110024,NF2103,1,504,,WTHPH2110024,NF2103,1, 504 , 0.13 , 1.27 , 1.00 , - ,,,,,,,SN2101, 0.13 , 1.27 , 1.00 , - 
28,2,NF2002_#NV1,B08VHQ8T43,1.94E+11,X002SKYCDH,4,10,NF2002,2.1217,0.8425,0.2418,0.0128,,,SN2102,1.2774,1.442,0,0,,WTHPH2110024,NF2106,1,504,,WTHPH2110024,NF2106,1, 504 , 0.13 , 1.27 , 1.00 , - ,,,,,,,SN2102, 0.13 , 1.27 , 1.00 , - 
29,2,NF2002_#NV2,B08VHP4B14,1.94E+11,X002SL1CTD,4,12,NF2002,2.1217,0.8425,0.2418,0.0128,,,총합계,,,,,,WTHPH2110024,SN2101,1,500,,WTHPH2110024,SN2101,1, 500 , 0.13 , 1.27 , 1.00 , - ,,,,,,,총합계, 1.97 , 1.15 , 0.51 , 0.38 
30,2,NF2002_#NV3,B08VHPVS9C,1.94E+11,X002SL3RI7,4,11,NF2002,2.1217,0.8425,0.2418,0.0128,,,,,,,,,WTHPH2110024,SN2102,1,504,,WTHPH2110024,SN2102,1, 504 , 0.13 , 1.27 , 1.00 , - ,,,,,,,,,,,
31,2,NF2002_#NV4,B08VHN5M6Q,1.94E+11,X002SKYCDR,4,13,NF2002,2.1217,0.8425,0.2418,0.0128,,,,,,,,,WTQDLAX21062300A,NF2104,1,502,,WTQDLAX21062300A,NF2104,1, 502 , 1.65 , 1.86 , 0.53 , 0.47 ,," 2,448.00 "," 2,764.53 ", 783.20 , 693.50 ,,,,,,
32,2,NF2002_#NV5,B08VHNC2MJ,1.94E+11,X002SKZDYJ,4,14,NF2002,2.1217,0.8425,0.2418,0.0128,,,,,,,,,WTQDLAX21062300A,NF2105,1,485,,WTQDLAX21062300A,NF2105,1, 485 , 1.65 , 1.86 , 0.53 , 0.47 ,,,,,,,,,,,
33,2,NF2002_#PF1,B08VHQZVKL,1.94E+11,X002SKYCEL,5,10,NF2002,2.1217,0.8425,0.2418,0.0128,,,,,,,,,WTQDLAX21062300A,NF2108,1,501,,WTQDLAX21062300A,NF2108,1, 501 , 1.65 , 1.86 , 0.53 , 0.47 ,,,,,,,,,,,
34,2,NF2002_#PF2,B08VHP46DN,1.94E+11,X002SL1CU7,5,12,NF2002,2.1217,0.8425,0.2418,0.0128,,,,,,,,,WTSGN2107005,NF2008,1,776,,WTSGN2107005,NF2008,1, 776 , 0.25 , 1.00 , 0.26 , 0.02 ,, 832.30 ," 3,402.49 ", 890.54 , 56.19 ,,,,,,
35,2,NF2002_#PF3,B08VHQ73Q3,1.94E+11,X002SKZDZ3,5,11,NF2002,2.1217,0.8425,0.2418,0.0128,,,,,,,,,WTSGN2107005,NF2009,1,776,,WTSGN2107005,NF2009,1, 776 , 0.25 , 1.00 , 0.26 , 0.02 ,,,,,,,,,,,
36,2,NF2002_#PF4,B08VHN6YGG,1.94E+11,X002SL3RIR,5,13,NF2002,2.1217,0.8425,0.2418,0.0128,,,,,,,,,WTSGN2107005,NF2011,1,464,,WTSGN2107005,NF2011,1, 464 , 0.25 , 1.00 , 0.26 , 0.02 ,,,,,,,,,,,
37,2,NF2002_#PF5,B08VHPVS2Y,1.94E+11,X002SKZDZD,5,14,NF2002,2.1217,0.8425,0.2418,0.0128,,,,,,,,,WTSGN2107005,NF2012,1,447,,WTSGN2107005,NF2012,1, 447 , 0.25 , 1.00 , 0.26 , 0.02 ,,,,,,,,,,,
38,2,NF2002_#PP1,B08VHRX8C8,1.94E+11,X002SL1CTN,6,10,NF2002,2.1217,0.8425,0.2418,0.0128,,,,,,,,,WTSGN2107005,NF2014,1,468,,WTSGN2107005,NF2014,1, 468 , 0.25 , 1.00 , 0.26 , 0.02 ,,,,,,,,,,,
39,2,NF2002_#PP2,B08VHQ3QBS,1.94E+11,X002SKZDYT,6,12,NF2002,2.1217,0.8425,0.2418,0.0128,,,,,,,,,WTSGN2107005,NF2015,1,466,,WTSGN2107005,NF2015,1, 466 , 0.25 , 1.00 , 0.26 , 0.02 ,,,,,,,,,,,
40,2,NF2002_#PP3,B08VHRDRZY,1.94E+11,X002SKYCEB,6,11,NF2002,2.1217,0.8425,0.2418,0.0128,,,,,,,,,총합계,,,32482,,,,,,,,,,,,,,,,,,,,
41,2,NF2002_#PP4,B08VHQT1DS,1.94E+11,X002SL1CTX,6,13,NF2002,2.1217,0.8425,0.2418,0.0128,,,,,,,,,,,,,,,,,,,,,,,,,,,,,,,,
42,2,NF2002_#PP5,B08VHQ342J,1.94E+11,X002SL3RIH,6,14,NF2002,2.1217,0.8425,0.2418,0.0128,,,,,,,,,,,,,,,,,,,,,,,,,,,,,,,,
43,4,NF2003_#BG1,B08VHPX9HX,1.94E+11,X002SL5MKX,8,10,NF2003,2.1217,0.8425,0.2418,0.0128,,,,,,,,,,,,,,,,,,,,,,,,,,,,,,,,
44,4,NF2003_#BG2,B08VHN6X5B,1.94E+11,X002SKZEZH,8,12,NF2003,2.1217,0.8425,0.2418,0.0128,,,,,,,,,,,,,,,,,,,,,,,,,,,,,,,,
45,4,NF2003_#BG3,B08VHNVF8D,1.94E+11,X002SL1DO7,8,11,NF2003,2.1217,0.8425,0.2418,0.0128,,,,,,,,,,,,,,,,,,,,,,,,,,,,,,,,
46,4,NF2003_#BG4,B08VHP3ZCM,1.94E+11,X002SL5MKN,8,13,NF2003,2.1217,0.8425,0.2418,0.0128,,,,,,,,,,,,,,,,,,,,,,,,,,,,,,,,
47,4,NF2003_#BG5,B08VHQ8NHN,1.94E+11,X002SL1DOR,8,14,NF2003,2.1217,0.8425,0.2418,0.0128,,,,,,,,,,,,,,,,,,,,,,,,,,,,,,,,
48,4,NF2003_#BK1,B08VHQGRPC,1.94E+11,X002SL5ML7,1,10,NF2003,2.1217,0.8425,0.2418,0.0128,,,,,,,,,,,,,,,,,,,,,,,,,,,,,,,,
49,4,NF2003_#BK2,B08VHQFSG9,1.94E+11,X002SKYDDL,1,12,NF2003,2.1217,0.8425,0.2418,0.0128,,,,,,,,,,,,,,,,,,,,,,,,,,,,,,,,
50,4,NF2003_#BK3,B08VHQ342L,1.94E+11,X002SKZEZR,1,11,NF2003,2.1217,0.8425,0.2418,0.0128,,,,,,,,,,,,,,,,,,,,,,,,,,,,,,,,
51,4,NF2003_#BK4,B08VHPZSHV,1.94E+11,X002SL1DOH,1,13,NF2003,2.1217,0.8425,0.2418,0.0128,,,,,,,,,,,,,,,,,,,,,,,,,,,,,,,,
52,4,NF2003_#BK5,B08VHQQVQD,1.94E+11,X002SKYDDB,1,14,NF2003,2.1217,0.8425,0.2418,0.0128,,,,,,,,,,,,,,,,,,,,,,,,,,,,,,,,
53,4,NF2003_#DR1,B08VHNX1HT,1.94E+11,X002SKYDD1,9,10,NF2003,2.1217,0.8425,0.2418,0.0128,,,,,,,,,,,,,,,,,,,,,,,,,,,,,,,,
54,4,NF2003_#DR2,B08VHNDY5N,1.94E+11,X002SKZEZ7,9,12,NF2003,2.1217,0.8425,0.2418,0.0128,,,,,,,,,,,,,,,,,,,,,,,,,,,,,,,,
55,4,NF2003_#DR3,B08VHQLZMB,1.94E+11,X002SL1DNX,9,11,NF2003,2.1217,0.8425,0.2418,0.0128,,,,,,,,,,,,,,,,,,,,,,,,,,,,,,,,
56,4,NF2003_#DR4,B08VHP3BNF,1.94E+11,X002SL5MKD,9,13,NF2003,2.1217,0.8425,0.2418,0.0128,,,,,,,,,,,,,,,,,,,,,,,,,,,,,,,,
57,4,NF2003_#DR5,B08VHQ62D6,1.94E+11,X002SKYDCR,9,14,NF2003,2.1217,0.8425,0.2418,0.0128,,,,,,,,,,,,,,,,,,,,,,,,,,,,,,,,
58,4,NF2003_#LP1,B08VHPCDQ5,1.94E+11,X002SL5MLH,10,10,NF2003,2.1217,0.8425,0.2418,0.0128,,,,,,,,,,,,,,,,,,,,,,,,,,,,,,,,
59,4,NF2003_#LP2,B08VHP87QM,1.94E+11,X002SKYDDV,10,12,NF2003,2.1217,0.8425,0.2418,0.0128,,,,,,,,,,,,,,,,,,,,,,,,,,,,,,,,
60,4,NF2003_#LP3,B08VHQ7N7S,1.94E+11,X002SKZF0B,10,11,NF2003,2.1217,0.8425,0.2418,0.0128,,,,,,,,,,,,,,,,,,,,,,,,,,,,,,,,
61,4,NF2003_#LP4,B08VHR66K4,1.94E+11,X002SKZF0L,10,13,NF2003,2.1217,0.8425,0.2418,0.0128,,,,,,,,,,,,,,,,,,,,,,,,,,,,,,,,
62,4,NF2003_#LP5,B08VHQMNFY,1.94E+11,X002SL1DP1,10,14,NF2003,2.1217,0.8425,0.2418,0.0128,,,,,,,,,,,,,,,,,,,,,,,,,,,,,,,,
63,4,NF2003_#NG1,B08VHQ8HJT,1.94E+11,X002SKZEYX,7,10,NF2003,2.1217,0.8425,0.2418,0.0128,,,,,,,,,,,,,,,,,,,,,,,,,,,,,,,,
64,4,NF2003_#NG2,B08VHNTYRZ,1.94E+11,X002SL1DNN,7,12,NF2003,2.1217,0.8425,0.2418,0.0128,,,,,,,,,,,,,,,,,,,,,,,,,,,,,,,,
65,4,NF2003_#NG3,B08VHN4YB7,1.94E+11,X002SL5MK3,7,11,NF2003,2.1217,0.8425,0.2418,0.0128,,,,,,,,,,,,,,,,,,,,,,,,,,,,,,,,
66,4,NF2003_#NG4,B08VHP68PM,1.94E+11,X002SKYDCH,7,13,NF2003,2.1217,0.8425,0.2418,0.0128,,,,,,,,,,,,,,,,,,,,,,,,,,,,,,,,
67,4,NF2003_#NG5,B08VHQX81C,1.94E+11,X002SKZEYN,7,14,NF2003,2.1217,0.8425,0.2418,0.0128,,,,,,,,,,,,,,,,,,,,,,,,,,,,,,,,
68,5,NF2004_#BE1,B098T44TX5,1.94E+11,B098T44TX5,35,10,NF2004,2.1217,0.8425,0.2418,0.0128,,,,,,,,,,,,,,,,,,,,,,,,,,,,,,,,
69,5,NF2004_#BE2,B098T51WZ4,1.94E+11,B098T51WZ4,35,12,NF2004,2.1217,0.8425,0.2418,0.0128,,,,,,,,,,,,,,,,,,,,,,,,,,,,,,,,
70,5,NF2004_#BE3,B098T337SW,1.94E+11,B098T337SW,35,11,NF2004,2.1217,0.8425,0.2418,0.0128,,,,,,,,,,,,,,,,,,,,,,,,,,,,,,,,
71,5,NF2004_#BE4,B098T2NHPG,1.94E+11,B098T2NHPG,35,13,NF2004,2.1217,0.8425,0.2418,0.0128,,,,,,,,,,,,,,,,,,,,,,,,,,,,,,,,
72,5,NF2004_#BK1,B08VHPW1FY,1.94E+11,X002SL5NOD,1,10,NF2004,2.1217,0.8425,0.2418,0.0128,,,,,,,,,,,,,,,,,,,,,,,,,,,,,,,,
73,5,NF2004_#BK2,B08VHNDPHM,1.94E+11,X002SL5JQP,1,12,NF2004,2.1217,0.8425,0.2418,0.0128,,,,,,,,,,,,,,,,,,,,,,,,,,,,,,,,
74,5,NF2004_#BK3,B08VHR5BSR,1.94E+11,X002SL5NO3,1,11,NF2004,2.1217,0.8425,0.2418,0.0128,,,,,,,,,,,,,,,,,,,,,,,,,,,,,,,,
75,5,NF2004_#BK4,B08VHQCM8Y,1.94E+11,X002SKYEFN,1,13,NF2004,2.1217,0.8425,0.2418,0.0128,,,,,,,,,,,,,,,,,,,,,,,,,,,,,,,,
76,5,NF2004_#EP1,B08VHP475S,1.94E+11,X002SL5Y2T,12,10,NF2004,2.1217,0.8425,0.2418,0.0128,,,,,,,,,,,,,,,,,,,,,,,,,,,,,,,,
77,5,NF2004_#EP2,B08VHPKVBK,1.94E+11,X002SKYEQ7,12,12,NF2004,2.1217,0.8425,0.2418,0.0128,,,,,,,,,,,,,,,,,,,,,,,,,,,,,,,,
78,5,NF2004_#EP3,B08VHPJG4P,1.94E+11,X002SKYEG7,12,11,NF2004,2.1217,0.8425,0.2418,0.0128,,,,,,,,,,,,,,,,,,,,,,,,,,,,,,,,
79,5,NF2004_#EP4,B08VHQSZ73,1.94E+11,X002SKYEPX,12,13,NF2004,2.1217,0.8425,0.2418,0.0128,,,,,,,,,,,,,,,,,,,,,,,,,,,,,,,,
80,5,NF2004_#GN1,B098T3JRF8,1.94E+11,B098T3JRF8,40,10,NF2004,2.1217,0.8425,0.2418,0.0128,,,,,,,,,,,,,,,,,,,,,,,,,,,,,,,,
81,5,NF2004_#GN2,B098T35KC1,1.94E+11,B098T35KC1,40,12,NF2004,2.1217,0.8425,0.2418,0.0128,,,,,,,,,,,,,,,,,,,,,,,,,,,,,,,,
82,5,NF2004_#GN3,B098T4C158,1.94E+11,B098T4C158,40,11,NF2004,2.1217,0.8425,0.2418,0.0128,,,,,,,,,,,,,,,,,,,,,,,,,,,,,,,,
83,5,NF2004_#GN4,B098T4LKV5,1.94E+11,B098T4LKV5,40,13,NF2004,2.1217,0.8425,0.2418,0.0128,,,,,,,,,,,,,,,,,,,,,,,,,,,,,,,,
84,5,NF2004_#PE1,B08VHPP2P9,1.94E+11,X002SL7GVB,11,10,NF2004,2.1217,0.8425,0.2418,0.0128,,,,,,,,,,,,,,,,,,,,,,,,,,,,,,,,
85,5,NF2004_#PE2,B08VHPZ626,1.94E+11,X002SL5Y33,11,12,NF2004,2.1217,0.8425,0.2418,0.0128,,,,,,,,,,,,,,,,,,,,,,,,,,,,,,,,
86,5,NF2004_#PE3,B08VHQ97TD,1.94E+11,X002SKYEQH,11,11,NF2004,2.1217,0.8425,0.2418,0.0128,,,,,,,,,,,,,,,,,,,,,,,,,,,,,,,,
87,5,NF2004_#PE4,B08VHQ7HB1,1.94E+11,X002SL5NON,11,13,NF2004,2.1217,0.8425,0.2418,0.0128,,,,,,,,,,,,,,,,,,,,,,,,,,,,,,,,
88,5,NF2004_#SB1,B098T2N7YB,1.94E+11,B098T2N7YB,20,10,NF2004,2.1217,0.8425,0.2418,0.0128,,,,,,,,,,,,,,,,,,,,,,,,,,,,,,,,
89,5,NF2004_#SB2,B098T3HHZK,1.94E+11,B098T3HHZK,20,12,NF2004,2.1217,0.8425,0.2418,0.0128,,,,,,,,,,,,,,,,,,,,,,,,,,,,,,,,
90,5,NF2004_#SB3,B098T2TQ37,1.94E+11,B098T2TQ37,20,11,NF2004,2.1217,0.8425,0.2418,0.0128,,,,,,,,,,,,,,,,,,,,,,,,,,,,,,,,
91,5,NF2004_#SB4,B098T42KBX,1.94E+11,B098T42KBX,20,13,NF2004,2.1217,0.8425,0.2418,0.0128,,,,,,,,,,,,,,,,,,,,,,,,,,,,,,,,
92,7,NF2005_#BK1,B08ZMVPNNF,1.94E+11,X002UD2O9V,1,10,NF2005,2.7537,1.7978,0.3206,0.003,,,,,,,,,,,,,,,,,,,,,,,,,,,,,,,,
93,7,NF2005_#BK2,B08ZMT859T,1.94E+11,X002UD2LXF,1,12,NF2005,2.7537,1.7978,0.3206,0.003,,,,,,,,,,,,,,,,,,,,,,,,,,,,,,,,
94,7,NF2005_#BK3,B08ZMT1R8W,1.94E+11,X002UD2LWV,1,11,NF2005,2.7537,1.7978,0.3206,0.003,,,,,,,,,,,,,,,,,,,,,,,,,,,,,,,,
95,7,NF2005_#BK4,B08ZMT185L,1.94E+11,X002UD5C2H,1,13,NF2005,2.7537,1.7978,0.3206,0.003,,,,,,,,,,,,,,,,,,,,,,,,,,,,,,,,
96,7,NF2005_#CO1,B08ZMV6QMG,1.94E+11,X002UD0JOX,19,10,NF2005,2.7537,1.7978,0.3206,0.003,,,,,,,,,,,,,,,,,,,,,,,,,,,,,,,,
97,7,NF2005_#CO2,B08ZMTLK44,1.94E+11,X002UD5C3B,19,12,NF2005,2.7537,1.7978,0.3206,0.003,,,,,,,,,,,,,,,,,,,,,,,,,,,,,,,,
98,7,NF2005_#CO3,B08ZMSVYGQ,1.94E+11,X002UD2O9B,19,11,NF2005,2.7537,1.7978,0.3206,0.003,,,,,,,,,,,,,,,,,,,,,,,,,,,,,,,,
99,7,NF2005_#CO4,B08ZMV2S98,1.94E+11,X002UD0JP7,19,13,NF2005,2.7537,1.7978,0.3206,0.003,,,,,,,,,,,,,,,,,,,,,,,,,,,,,,,,
100,7,NF2005_#WT1,B08ZMSQNMW,1.94E+11,X002UD2O8R,14,10,NF2005,2.7537,1.7978,0.3206,0.003,,,,,,,,,,,,,,,,,,,,,,,,,,,,,,,,
101,7,NF2005_#WT2,B08ZMTRKFB,1.94E+11,X002UD0JON,14,12,NF2005,2.7537,1.7978,0.3206,0.003,,,,,,,,,,,,,,,,,,,,,,,,,,,,,,,,
102,7,NF2005_#WT3,B08ZMWD7T3,1.94E+11,X002UD2LX5,14,11,NF2005,2.7537,1.7978,0.3206,0.003,,,,,,,,,,,,,,,,,,,,,,,,,,,,,,,,
103,7,NF2005_#WT4,B08ZMTBX4S,1.94E+11,X002UD5C2R,14,13,NF2005,2.7537,1.7978,0.3206,0.003,,,,,,,,,,,,,,,,,,,,,,,,,,,,,,,,
104,8,NF2006_#AG1,B08YJ97XLZ,1.94E+11,X002TWD43D,13,10,NF2006,2.0225,0.9513,0.4839,0.0007,,,,,,,,,,,,,,,,,,,,,,,,,,,,,,,,
105,8,NF2006_#AG2,B08YJ6ZH9C,1.94E+11,X002TWFR8N,13,12,NF2006,2.0225,0.9513,0.4839,0.0007,,,,,,,,,,,,,,,,,,,,,,,,,,,,,,,,
106,8,NF2006_#AG3,B08YJPG5NN,1.94E+11,X002TWFR8X,13,11,NF2006,2.0225,0.9513,0.4839,0.0007,,,,,,,,,,,,,,,,,,,,,,,,,,,,,,,,
107,8,NF2006_#AG4,B08YJVD2YN,1.94E+11,X002TW6AXJ,13,13,NF2006,2.0225,0.9513,0.4839,0.0007,,,,,,,,,,,,,,,,,,,,,,,,,,,,,,,,
108,8,NF2006_#BK1,B08YJ1TH5W,1.94E+11,X002TWD2A3,1,10,NF2006,2.0225,0.9513,0.4839,0.0007,,,,,,,,,,,,,,,,,,,,,,,,,,,,,,,,
109,8,NF2006_#BK2,B08YJ3Q7BR,1.94E+11,X002TW6AXT,1,12,NF2006,2.0225,0.9513,0.4839,0.0007,,,,,,,,,,,,,,,,,,,,,,,,,,,,,,,,
110,8,NF2006_#BK3,B08YJHSLFW,1.94E+11,X002TWD43N,1,11,NF2006,2.0225,0.9513,0.4839,0.0007,,,,,,,,,,,,,,,,,,,,,,,,,,,,,,,,
111,8,NF2006_#BK4,B08YJFMZ8M,1.94E+11,X002TWD29T,1,13,NF2006,2.0225,0.9513,0.4839,0.0007,,,,,,,,,,,,,,,,,,,,,,,,,,,,,,,,
112,9,NF2007_#BD1,B08YJ3V9PH,1.94E+11,X002TW84MJ,15,10,NF2007,2.0225,0.9513,0.4839,0.0007,,,,,,,,,,,,,,,,,,,,,,,,,,,,,,,,
113,9,NF2007_#BD2,B08YJC6VRF,1.94E+11,X002TWFSLT,15,12,NF2007,2.0225,0.9513,0.4839,0.0007,,,,,,,,,,,,,,,,,,,,,,,,,,,,,,,,
114,9,NF2007_#BD3,B08YJR6586,1.94E+11,X002TWD5OB,15,11,NF2007,2.0225,0.9513,0.4839,0.0007,,,,,,,,,,,,,,,,,,,,,,,,,,,,,,,,
115,9,NF2007_#BD4,B08YK62VGV,1.94E+11,X002TWFBOX,15,13,NF2007,2.0225,0.9513,0.4839,0.0007,,,,,,,,,,,,,,,,,,,,,,,,,,,,,,,,
116,9,NF2007_#BD5,B09BZKT34J,1.94E+11,B09BZKT34J,15,14,NF2007,2.0225,0.9513,0.4839,0.0007,,,,,,,,,,,,,,,,,,,,,,,,,,,,,,,,
117,9,NF2007_#BK1,B08YJKMV72,1.94E+11,X002TWFSMN,1,10,NF2007,2.0225,0.9513,0.4839,0.0007,,,,,,,,,,,,,,,,,,,,,,,,,,,,,,,,
118,9,NF2007_#BK2,B08YJKTQHC,1.94E+11,X002TWD5P5,1,12,NF2007,2.0225,0.9513,0.4839,0.0007,,,,,,,,,,,,,,,,,,,,,,,,,,,,,,,,
119,9,NF2007_#BK3,B08YJRTD1R,1.94E+11,X002TW84N3,1,11,NF2007,2.0225,0.9513,0.4839,0.0007,,,,,,,,,,,,,,,,,,,,,,,,,,,,,,,,
120,9,NF2007_#BK4,B08YJF9P73,1.94E+11,X002TWFBPH,1,13,NF2007,2.0225,0.9513,0.4839,0.0007,,,,,,,,,,,,,,,,,,,,,,,,,,,,,,,,
121,9,NF2007_#BK5,B09BZH8KQV,1.94E+11,B09BZH8KQV,1,14,NF2007,2.0225,0.9513,0.4839,0.0007,,,,,,,,,,,,,,,,,,,,,,,,,,,,,,,,
122,9,NF2007_#BL1,B09BQ32SJF,1.94E+11,B09BQ32SJF,46,10,NF2007,2.0225,0.9513,0.4839,0.0007,,,,,,,,,,,,,,,,,,,,,,,,,,,,,,,,
123,9,NF2007_#BL2,B09BQ83N38,1.94E+11,B09BQ83N38,46,12,NF2007,2.0225,0.9513,0.4839,0.0007,,,,,,,,,,,,,,,,,,,,,,,,,,,,,,,,
124,9,NF2007_#BL3,B09BQ5ZHSZ,1.94E+11,B09BQ5ZHSZ,46,11,NF2007,2.0225,0.9513,0.4839,0.0007,,,,,,,,,,,,,,,,,,,,,,,,,,,,,,,,
125,9,NF2007_#BL4,B09BPZH6RW,1.94E+11,B09BPZH6RW,46,13,NF2007,2.0225,0.9513,0.4839,0.0007,,,,,,,,,,,,,,,,,,,,,,,,,,,,,,,,
126,9,NF2007_#BL5,B09BZHML6G,1.94E+11,B09BZHML6G,46,14,NF2007,2.0225,0.9513,0.4839,0.0007,,,,,,,,,,,,,,,,,,,,,,,,,,,,,,,,
127,9,NF2007_#NV1,B09BPYXLG4,1.94E+11,B09BPYXLG4,4,10,NF2007,2.0225,0.9513,0.4839,0.0007,,,,,,,,,,,,,,,,,,,,,,,,,,,,,,,,
128,9,NF2007_#NV2,B09BQHYDCQ,1.94E+11,B09BQHYDCQ,4,12,NF2007,2.0225,0.9513,0.4839,0.0007,,,,,,,,,,,,,,,,,,,,,,,,,,,,,,,,
129,9,NF2007_#NV3,B09BPS9WC7,1.94E+11,B09BPS9WC7,4,11,NF2007,2.0225,0.9513,0.4839,0.0007,,,,,,,,,,,,,,,,,,,,,,,,,,,,,,,,
130,9,NF2007_#NV4,B09BQ7C7RY,1.94E+11,B09BQ7C7RY,4,13,NF2007,2.0225,0.9513,0.4839,0.0007,,,,,,,,,,,,,,,,,,,,,,,,,,,,,,,,
131,9,NF2007_#NV5,B09BZJV1K4,1.94E+11,B09BZJV1K4,4,14,NF2007,2.0225,0.9513,0.4839,0.0007,,,,,,,,,,,,,,,,,,,,,,,,,,,,,,,,
132,9,NF2007_#PK1,B09BQ56QWS,1.94E+11,B09BQ56QWS,47,10,NF2007,2.0225,0.9513,0.4839,0.0007,,,,,,,,,,,,,,,,,,,,,,,,,,,,,,,,
133,9,NF2007_#PK2,B09BQHYPNQ,1.94E+11,B09BQHYPNQ,47,12,NF2007,2.0225,0.9513,0.4839,0.0007,,,,,,,,,,,,,,,,,,,,,,,,,,,,,,,,
134,9,NF2007_#PK3,B09BQFLY89,1.94E+11,B09BQFLY89,47,11,NF2007,2.0225,0.9513,0.4839,0.0007,,,,,,,,,,,,,,,,,,,,,,,,,,,,,,,,
135,9,NF2007_#PK4,B09BPVRZ6F,1.94E+11,B09BPVRZ6F,47,13,NF2007,2.0225,0.9513,0.4839,0.0007,,,,,,,,,,,,,,,,,,,,,,,,,,,,,,,,
136,9,NF2007_#PK5,B09BZJSLR2,1.94E+11,B09BZJSLR2,47,14,NF2007,2.0225,0.9513,0.4839,0.0007,,,,,,,,,,,,,,,,,,,,,,,,,,,,,,,,
137,9,NF2007_#WT1,B08YK756MZ,1.94E+11,X002TWD5NH,14,10,NF2007,2.0225,0.9513,0.4839,0.0007,,,,,,,,,,,,,,,,,,,,,,,,,,,,,,,,
138,9,NF2007_#WT2,B08YJZ3ZZT,1.94E+11,X002TWFSL9,14,12,NF2007,2.0225,0.9513,0.4839,0.0007,,,,,,,,,,,,,,,,,,,,,,,,,,,,,,,,
139,9,NF2007_#WT3,B08YJR6J6N,1.94E+11,X002TWFBOD,14,11,NF2007,2.0225,0.9513,0.4839,0.0007,,,,,,,,,,,,,,,,,,,,,,,,,,,,,,,,
140,9,NF2007_#WT4,B08YJZGN4Y,1.94E+11,X002TW84LZ,14,13,NF2007,2.0225,0.9513,0.4839,0.0007,,,,,,,,,,,,,,,,,,,,,,,,,,,,,,,,
141,9,NF2007_#WT5,B09BZKJBYM,1.94E+11,B09BZKJBYM,14,14,NF2007,2.0225,0.9513,0.4839,0.0007,,,,,,,,,,,,,,,,,,,,,,,,,,,,,,,,
142,11,NF2008_#BF1,B093Q7BZXN,1.94E+11,X002W1KHEZ,31,10,NF2008,0.5132,1.0136,0.014,0.0028,,,,,,,,,,,,,,,,,,,,,,,,,,,,,,,,
143,11,NF2008_#BF2,B093Q7ZBQN,1.94E+11,X002W1DMWT,31,12,NF2008,0.5132,1.0136,0.014,0.0028,,,,,,,,,,,,,,,,,,,,,,,,,,,,,,,,
144,11,NF2008_#BF3,B093QBC1SF,1.94E+11,X002W1KHEP,31,11,NF2008,0.5132,1.0136,0.014,0.0028,,,,,,,,,,,,,,,,,,,,,,,,,,,,,,,,
145,11,NF2008_#BF4,B093Q7FNCJ,1.94E+11,X002W1DMWJ,31,13,NF2008,0.5132,1.0136,0.014,0.0028,,,,,,,,,,,,,,,,,,,,,,,,,,,,,,,,
146,11,NF2008_#RF1,B093Q7Z76L,1.94E+11,X002W1KCXB,30,10,NF2008,0.5132,1.0136,0.014,0.0028,,,,,,,,,,,,,,,,,,,,,,,,,,,,,,,,
147,11,NF2008_#RF2,B093Q8N3D5,1.94E+11,X002W1DM9H,30,12,NF2008,0.5132,1.0136,0.014,0.0028,,,,,,,,,,,,,,,,,,,,,,,,,,,,,,,,
148,11,NF2008_#RF3,B093Q8TFKG,1.94E+11,X002W1KCX1,30,11,NF2008,0.5132,1.0136,0.014,0.0028,,,,,,,,,,,,,,,,,,,,,,,,,,,,,,,,
149,11,NF2008_#RF4,B093Q8117V,1.94E+11,X002W1DM97,30,13,NF2008,0.5132,1.0136,0.014,0.0028,,,,,,,,,,,,,,,,,,,,,,,,,,,,,,,,
150,12,NF2009_#RF1,B09435GJ3Y,1.94E+11,X002WCGQAX,30,10,NF2009,0.5132,1.0136,0.014,0.0028,,,,,,,,,,,,,,,,,,,,,,,,,,,,,,,,
151,12,NF2009_#RF2,B0943DGH4F,1.94E+11,X002WCGQAN,30,12,NF2009,0.5132,1.0136,0.014,0.0028,,,,,,,,,,,,,,,,,,,,,,,,,,,,,,,,
152,12,NF2009_#RF3,B0942Z41WK,1.94E+11,X002WCXD6D,30,11,NF2009,0.5132,1.0136,0.014,0.0028,,,,,,,,,,,,,,,,,,,,,,,,,,,,,,,,
153,12,NF2009_#RF4,B094317MKM,1.94E+11,X002WCX601,30,13,NF2009,0.5132,1.0136,0.014,0.0028,,,,,,,,,,,,,,,,,,,,,,,,,,,,,,,,
154,12,NF2009_#TD1,B09436N777,1.94E+11,X002WCOEHF,32,10,NF2009,0.5132,1.0136,0.014,0.0028,,,,,,,,,,,,,,,,,,,,,,,,,,,,,,,,
155,12,NF2009_#TD2,B09436G8KM,1.94E+11,X002WCXD63,32,12,NF2009,0.5132,1.0136,0.014,0.0028,,,,,,,,,,,,,,,,,,,,,,,,,,,,,,,,
156,12,NF2009_#TD3,B094375JF6,1.94E+11,X002WCX5ZR,32,11,NF2009,0.5132,1.0136,0.014,0.0028,,,,,,,,,,,,,,,,,,,,,,,,,,,,,,,,
157,12,NF2009_#TD4,B0942Z9D9L,1.94E+11,X002WCOEH5,32,13,NF2009,0.5132,1.0136,0.014,0.0028,,,,,,,,,,,,,,,,,,,,,,,,,,,,,,,,
158,13,NF2010_#AG1,B08YNFNK9R,1.94E+11,X002TY23Z1,13,10,NF2010,2.0225,0.9513,0.4839,0.0007,,,,,,,,,,,,,,,,,,,,,,,,,,,,,,,,
159,13,NF2010_#AG2,B08YN2TTGG,1.94E+11,X002TXTWN3,13,12,NF2010,2.0225,0.9513,0.4839,0.0007,,,,,,,,,,,,,,,,,,,,,,,,,,,,,,,,
160,13,NF2010_#AG3,B08YN5N675,1.94E+11,X002TY23YR,13,11,NF2010,2.0225,0.9513,0.4839,0.0007,,,,,,,,,,,,,,,,,,,,,,,,,,,,,,,,
161,13,NF2010_#AG4,B08YNQNLFH,1.94E+11,X002TY23YH,13,13,NF2010,2.0225,0.9513,0.4839,0.0007,,,,,,,,,,,,,,,,,,,,,,,,,,,,,,,,
162,13,NF2010_#BG1,B08YN45S75,1.94E+11,X002TXMVHH,16,10,NF2010,2.0225,0.9513,0.4839,0.0007,,,,,,,,,,,,,,,,,,,,,,,,,,,,,,,,
163,13,NF2010_#BG2,B08YN9DLWT,1.94E+11,X002TXZL47,16,12,NF2010,2.0225,0.9513,0.4839,0.0007,,,,,,,,,,,,,,,,,,,,,,,,,,,,,,,,
164,13,NF2010_#BG3,B08YN2D9MC,1.94E+11,X002TXMVH7,16,11,NF2010,2.0225,0.9513,0.4839,0.0007,,,,,,,,,,,,,,,,,,,,,,,,,,,,,,,,
165,13,NF2010_#BG4,B08YN21KK9,1.94E+11,X002TXZL3X,16,13,NF2010,2.0225,0.9513,0.4839,0.0007,,,,,,,,,,,,,,,,,,,,,,,,,,,,,,,,
166,13,NF2010_#BK1,B08YN92X7J,1.94E+11,X002TXZL51,1,10,NF2010,2.0225,0.9513,0.4839,0.0007,,,,,,,,,,,,,,,,,,,,,,,,,,,,,,,,
167,13,NF2010_#BK2,B08YNCZRP9,1.94E+11,X002TXMVHR,1,12,NF2010,2.0225,0.9513,0.4839,0.0007,,,,,,,,,,,,,,,,,,,,,,,,,,,,,,,,
168,13,NF2010_#BK3,B08YNJGCW8,1.94E+11,X002TXTWND,1,11,NF2010,2.0225,0.9513,0.4839,0.0007,,,,,,,,,,,,,,,,,,,,,,,,,,,,,,,,
169,13,NF2010_#BK4,B08YMTW866,1.94E+11,X002TXZL4H,1,13,NF2010,2.0225,0.9513,0.4839,0.0007,,,,,,,,,,,,,,,,,,,,,,,,,,,,,,,,
170,14,NF2011_#BD1,B091YJGY32,1.94E+11,X002V1DY6J,15,10,NF2011,0.5132,1.0136,0.014,0.0028,,,,,,,,,,,,,,,,,,,,,,,,,,,,,,,,
171,14,NF2011_#BD2,B091YG8FSF,1.94E+11,X002V13LDP,15,12,NF2011,0.5132,1.0136,0.014,0.0028,,,,,,,,,,,,,,,,,,,,,,,,,,,,,,,,
172,14,NF2011_#BD3,B091Y9SMWS,1.94E+11,X002V1DUSB,15,11,NF2011,0.5132,1.0136,0.014,0.0028,,,,,,,,,,,,,,,,,,,,,,,,,,,,,,,,
173,14,NF2011_#BD4,B091YKRLSN,1.94E+11,X002V18ZHH,15,13,NF2011,0.5132,1.0136,0.014,0.0028,,,,,,,,,,,,,,,,,,,,,,,,,,,,,,,,
174,14,NF2011_#LY1,B091XX93KB,1.94E+11,X002V18ZGX,25,10,NF2011,0.5132,1.0136,0.014,0.0028,,,,,,,,,,,,,,,,,,,,,,,,,,,,,,,,
175,14,NF2011_#LY2,B091Y9721V,1.94E+11,X002V13LDF,25,12,NF2011,0.5132,1.0136,0.014,0.0028,,,,,,,,,,,,,,,,,,,,,,,,,,,,,,,,
176,14,NF2011_#LY3,B091XYGB6C,1.94E+11,X002V1DY69,25,11,NF2011,0.5132,1.0136,0.014,0.0028,,,,,,,,,,,,,,,,,,,,,,,,,,,,,,,,
177,14,NF2011_#LY4,B091XWN9J8,1.94E+11,X002V1DUS1,25,13,NF2011,0.5132,1.0136,0.014,0.0028,,,,,,,,,,,,,,,,,,,,,,,,,,,,,,,,
178,14,NF2011_#OG1,B091Y24271,1.94E+11,X002V18ZGN,24,10,NF2011,0.5132,1.0136,0.014,0.0028,,,,,,,,,,,,,,,,,,,,,,,,,,,,,,,,
179,14,NF2011_#OG2,B091YQCQSK,1.94E+11,X002V13LD5,24,12,NF2011,0.5132,1.0136,0.014,0.0028,,,,,,,,,,,,,,,,,,,,,,,,,,,,,,,,
180,14,NF2011_#OG3,B091YCV54D,1.94E+11,X002V1DY5Z,24,11,NF2011,0.5132,1.0136,0.014,0.0028,,,,,,,,,,,,,,,,,,,,,,,,,,,,,,,,
181,14,NF2011_#OG4,B091YMZ1XD,1.94E+11,X002V1DURR,24,13,NF2011,0.5132,1.0136,0.014,0.0028,,,,,,,,,,,,,,,,,,,,,,,,,,,,,,,,
182,15,NF2012_#BS1,B091YGM22H,1.94E+11,X002V0SUUP,26,10,NF2012,0.5132,1.0136,0.014,0.0028,,,,,,,,,,,,,,,,,,,,,,,,,,,,,,,,
183,15,NF2012_#BS2,B091Y9VBVZ,1.94E+11,X002V13L4T,26,12,NF2012,0.5132,1.0136,0.014,0.0028,,,,,,,,,,,,,,,,,,,,,,,,,,,,,,,,
184,15,NF2012_#BS3,B091YH6GBV,1.94E+11,X002V1DNTR,26,11,NF2012,0.5132,1.0136,0.014,0.0028,,,,,,,,,,,,,,,,,,,,,,,,,,,,,,,,
185,15,NF2012_#BS4,B091YRW8Q5,1.94E+11,X002V1DTCX,26,13,NF2012,0.5132,1.0136,0.014,0.0028,,,,,,,,,,,,,,,,,,,,,,,,,,,,,,,,
186,15,NF2012_#NS1,B091Y7Q77Y,1.94E+11,X002V13L4J,27,10,NF2012,0.5132,1.0136,0.014,0.0028,,,,,,,,,,,,,,,,,,,,,,,,,,,,,,,,
187,15,NF2012_#NS2,B091XZCPWS,1.94E+11,X002V1DTCN,27,12,NF2012,0.5132,1.0136,0.014,0.0028,,,,,,,,,,,,,,,,,,,,,,,,,,,,,,,,
188,15,NF2012_#NS3,B091Y85LXT,1.94E+11,X002V0SUU5,27,11,NF2012,0.5132,1.0136,0.014,0.0028,,,,,,,,,,,,,,,,,,,,,,,,,,,,,,,,
189,15,NF2012_#NS4,B091YDP1WW,1.94E+11,X002V13L49,27,13,NF2012,0.5132,1.0136,0.014,0.0028,,,,,,,,,,,,,,,,,,,,,,,,,,,,,,,,
190,15,NF2012_#NV1,B091Y5PZ1M,1.94E+11,X002V1DNT7,4,10,NF2012,0.5132,1.0136,0.014,0.0028,,,,,,,,,,,,,,,,,,,,,,,,,,,,,,,,
191,15,NF2012_#NV2,B091YFHZM5,1.94E+11,X002V1DTCD,4,12,NF2012,0.5132,1.0136,0.014,0.0028,,,,,,,,,,,,,,,,,,,,,,,,,,,,,,,,
192,15,NF2012_#NV3,B091YPHP2N,1.94E+11,X002V0SUUF,4,11,NF2012,0.5132,1.0136,0.014,0.0028,,,,,,,,,,,,,,,,,,,,,,,,,,,,,,,,
193,15,NF2012_#NV4,B091YGFY9N,1.94E+11,X002V1DNTH,4,13,NF2012,0.5132,1.0136,0.014,0.0028,,,,,,,,,,,,,,,,,,,,,,,,,,,,,,,,
194,16,NF2013_#PG1,B08ZMW1Z6M,1.94E+11,X002UE9OBL,22,10,NF2013,3.8086,3.5185,0.5197,0.0048,,,,,,,,,,,,,,,,,,,,,,,,,,,,,,,,
195,16,NF2013_#PG2,B08ZMXKG7P,1.94E+11,X002UERJ1N,22,12,NF2013,3.8086,3.5185,0.5197,0.0048,,,,,,,,,,,,,,,,,,,,,,,,,,,,,,,,
196,16,NF2013_#PG3,B08ZMX53D8,1.94E+11,X002UEMRFV,22,11,NF2013,3.8086,3.5185,0.5197,0.0048,,,,,,,,,,,,,,,,,,,,,,,,,,,,,,,,
197,16,NF2013_#PG4,B08ZMVVW6N,1.94E+11,X002UERMV5,22,13,NF2013,3.8086,3.5185,0.5197,0.0048,,,,,,,,,,,,,,,,,,,,,,,,,,,,,,,,
198,16,NF2013_#PY1,B08ZMTWJMZ,1.94E+11,X002UERJ1X,21,10,NF2013,3.8086,3.5185,0.5197,0.0048,,,,,,,,,,,,,,,,,,,,,,,,,,,,,,,,
199,16,NF2013_#PY2,B08ZMVSW1P,1.94E+11,X002UE9OCF,21,12,NF2013,3.8086,3.5185,0.5197,0.0048,,,,,,,,,,,,,,,,,,,,,,,,,,,,,,,,
200,16,NF2013_#PY3,B08ZMVPGP3,1.94E+11,X002UERMVP,21,11,NF2013,3.8086,3.5185,0.5197,0.0048,,,,,,,,,,,,,,,,,,,,,,,,,,,,,,,,
201,16,NF2013_#PY4,B08ZMVTPSZ,1.94E+11,X002UEMRG5,21,13,NF2013,3.8086,3.5185,0.5197,0.0048,,,,,,,,,,,,,,,,,,,,,,,,,,,,,,,,
202,16,NF2013_#SB1,B08ZMVTL2S,1.94E+11,X002UE9OBB,20,10,NF2013,3.8086,3.5185,0.5197,0.0048,,,,,,,,,,,,,,,,,,,,,,,,,,,,,,,,
203,16,NF2013_#SB2,B08ZMWBZR1,1.94E+11,X002UERJ1D,20,12,NF2013,3.8086,3.5185,0.5197,0.0048,,,,,,,,,,,,,,,,,,,,,,,,,,,,,,,,
204,16,NF2013_#SB3,B08ZMVKNFQ,1.94E+11,X002UEMRFL,20,11,NF2013,3.8086,3.5185,0.5197,0.0048,,,,,,,,,,,,,,,,,,,,,,,,,,,,,,,,
205,16,NF2013_#SB4,B08ZMT6RBJ,1.94E+11,X002UERMUV,20,13,NF2013,3.8086,3.5185,0.5197,0.0048,,,,,,,,,,,,,,,,,,,,,,,,,,,,,,,,
206,17,NF2014_#LP1,B0947QB3GP,1.94E+11,X002WCGQSF,34,10,NF2014,0.5132,1.0136,0.014,0.0028,,,,,,,,,,,,,,,,,,,,,,,,,,,,,,,,
207,17,NF2014_#LP2,B0947NHHWR,1.94E+11,X002WCXDMH,34,12,NF2014,0.5132,1.0136,0.014,0.0028,,,,,,,,,,,,,,,,,,,,,,,,,,,,,,,,
208,17,NF2014_#LP3,B0947NMYVS,1.94E+11,X002WCX6H9,34,11,NF2014,0.5132,1.0136,0.014,0.0028,,,,,,,,,,,,,,,,,,,,,,,,,,,,,,,,
209,17,NF2014_#LP4,B0947P5HKN,1.94E+11,X002WCX6HJ,34,13,NF2014,0.5132,1.0136,0.014,0.0028,,,,,,,,,,,,,,,,,,,,,,,,,,,,,,,,
210,17,NF2014_#MT1,B0947S5KZ7,1.94E+11,X002WCOEYX,33,10,NF2014,0.5132,1.0136,0.014,0.0028,,,,,,,,,,,,,,,,,,,,,,,,,,,,,,,,
211,17,NF2014_#MT2,B0947NZDJT,1.94E+11,X002WCGQS5,33,12,NF2014,0.5132,1.0136,0.014,0.0028,,,,,,,,,,,,,,,,,,,,,,,,,,,,,,,,
212,17,NF2014_#MT3,B0948BF5V1,1.94E+11,X002WCOEZ7,33,11,NF2014,0.5132,1.0136,0.014,0.0028,,,,,,,,,,,,,,,,,,,,,,,,,,,,,,,,
213,17,NF2014_#MT4,B0948BPSBR,1.94E+11,X002WCXDMR,33,13,NF2014,0.5132,1.0136,0.014,0.0028,,,,,,,,,,,,,,,,,,,,,,,,,,,,,,,,
214,17,NF2014_#WH1,B0948G5C97,1.94E+11,X002WCXDM7,14,10,NF2014,0.5132,1.0136,0.014,0.0028,,,,,,,,,,,,,,,,,,,,,,,,,,,,,,,,
215,17,NF2014_#WH2,B0947PW8QZ,1.94E+11,X002WCX6GZ,14,12,NF2014,0.5132,1.0136,0.014,0.0028,,,,,,,,,,,,,,,,,,,,,,,,,,,,,,,,
216,17,NF2014_#WH3,B0948MTB4V,1.94E+11,X002WCOEYN,14,11,NF2014,0.5132,1.0136,0.014,0.0028,,,,,,,,,,,,,,,,,,,,,,,,,,,,,,,,
217,17,NF2014_#WH4,B0947P677X,1.94E+11,X002WCGQRV,14,13,NF2014,0.5132,1.0136,0.014,0.0028,,,,,,,,,,,,,,,,,,,,,,,,,,,,,,,,
218,18,NF2015_#BD1,B091YBKKSV,1.94E+11,X002V1DYVJ,15,10,NF2015,0.5132,1.0136,0.014,0.0028,,,,,,,,,,,,,,,,,,,,,,,,,,,,,,,,
219,18,NF2015_#BD2,B091XWY4D9,1.94E+11,X002V1DVFD,15,12,NF2015,0.5132,1.0136,0.014,0.0028,,,,,,,,,,,,,,,,,,,,,,,,,,,,,,,,
220,18,NF2015_#BD3,B091XN54TR,1.94E+11,X002V13M57,15,11,NF2015,0.5132,1.0136,0.014,0.0028,,,,,,,,,,,,,,,,,,,,,,,,,,,,,,,,
221,18,NF2015_#BD4,B091Y7B4D5,1.94E+11,X002V1905N,15,13,NF2015,0.5132,1.0136,0.014,0.0028,,,,,,,,,,,,,,,,,,,,,,,,,,,,,,,,
222,18,NF2015_#DG1,B091XRW55P,1.94E+11,X002V1905D,29,10,NF2015,0.5132,1.0136,0.014,0.0028,,,,,,,,,,,,,,,,,,,,,,,,,,,,,,,,
223,18,NF2015_#DG2,B091YSTMCR,1.94E+11,X002V13M4N,29,12,NF2015,0.5132,1.0136,0.014,0.0028,,,,,,,,,,,,,,,,,,,,,,,,,,,,,,,,
224,18,NF2015_#DG3,B091YNDQR4,1.94E+11,X002V19053,29,11,NF2015,0.5132,1.0136,0.014,0.0028,,,,,,,,,,,,,,,,,,,,,,,,,,,,,,,,
225,18,NF2015_#DG4,B091YRJ8YV,1.94E+11,X002V1DYW3,29,13,NF2015,0.5132,1.0136,0.014,0.0028,,,,,,,,,,,,,,,,,,,,,,,,,,,,,,,,
226,18,NF2015_#ED1,B091YGKYT1,1.94E+11,X002V1DVFX,28,10,NF2015,0.5132,1.0136,0.014,0.0028,,,,,,,,,,,,,,,,,,,,,,,,,,,,,,,,
227,18,NF2015_#ED2,B091YD2XC3,1.94E+11,X002V1DYVT,28,12,NF2015,0.5132,1.0136,0.014,0.0028,,,,,,,,,,,,,,,,,,,,,,,,,,,,,,,,
228,18,NF2015_#ED3,B091Y3HLZB,1.94E+11,X002V13M4X,28,11,NF2015,0.5132,1.0136,0.014,0.0028,,,,,,,,,,,,,,,,,,,,,,,,,,,,,,,,
229,18,NF2015_#ED4,B091YLQS3S,1.94E+11,X002V1DVFN,28,13,NF2015,0.5132,1.0136,0.014,0.0028,,,,,,,,,,,,,,,,,,,,,,,,,,,,,,,,
230,22,NF2101_#BK1,B098W8KB52,1.94E+11,B098W8KB52,1,10,NF2101,1.2774,1.442,0,0,,,,,,,,,,,,,,,,,,,,,,,,,,,,,,,,
231,22,NF2101_#BK2,B098VYN1P2,1.94E+11,B098VYN1P2,1,12,NF2101,1.2774,1.442,0,0,,,,,,,,,,,,,,,,,,,,,,,,,,,,,,,,
232,22,NF2101_#BK3,B098WB4M7X,1.94E+11,B098WB4M7X,1,11,NF2101,1.2774,1.442,0,0,,,,,,,,,,,,,,,,,,,,,,,,,,,,,,,,
233,22,NF2101_#BK4,B098X3WPZZ,1.94E+11,B098X3WPZZ,1,13,NF2101,1.2774,1.442,0,0,,,,,,,,,,,,,,,,,,,,,,,,,,,,,,,,
234,22,NF2101_#MG1,B098VY4L3Q,1.94E+11,B098VY4L3Q,43,10,NF2101,1.2774,1.442,0,0,,,,,,,,,,,,,,,,,,,,,,,,,,,,,,,,
235,22,NF2101_#MG2,B098X2CJKS,1.94E+11,B098X2CJKS,43,12,NF2101,1.2774,1.442,0,0,,,,,,,,,,,,,,,,,,,,,,,,,,,,,,,,
236,22,NF2101_#MG3,B098VT3FV6,1.94E+11,B098VT3FV6,43,11,NF2101,1.2774,1.442,0,0,,,,,,,,,,,,,,,,,,,,,,,,,,,,,,,,
237,22,NF2101_#MG4,B098WSXV3Z,1.94E+11,B098WSXV3Z,43,13,NF2101,1.2774,1.442,0,0,,,,,,,,,,,,,,,,,,,,,,,,,,,,,,,,
238,22,NF2101_#MN1,B098W7HWX3,1.94E+11,B098W7HWX3,44,10,NF2101,1.2774,1.442,0,0,,,,,,,,,,,,,,,,,,,,,,,,,,,,,,,,
239,22,NF2101_#MN2,B098X7B4HQ,1.94E+11,B098X7B4HQ,44,12,NF2101,1.2774,1.442,0,0,,,,,,,,,,,,,,,,,,,,,,,,,,,,,,,,
240,22,NF2101_#MN3,B098WT1VSZ,1.94E+11,B098WT1VSZ,44,11,NF2101,1.2774,1.442,0,0,,,,,,,,,,,,,,,,,,,,,,,,,,,,,,,,
241,22,NF2101_#MN4,B098WTZ72Q,1.94E+11,B098WTZ72Q,44,13,NF2101,1.2774,1.442,0,0,,,,,,,,,,,,,,,,,,,,,,,,,,,,,,,,
242,23,NF2102_#BK1,B099HXWJKC,1.94E+11,X002YHX1NV,1,10,NF2102,1.2774,1.442,0,0,,,,,,,,,,,,,,,,,,,,,,,,,,,,,,,,
243,23,NF2102_#BK2,B099HVBRWP,1.94E+11,X002YI3WXJ,1,12,NF2102,1.2774,1.442,0,0,,,,,,,,,,,,,,,,,,,,,,,,,,,,,,,,
244,23,NF2102_#BK3,B099J164RR,1.94E+11,X002YHZSIH,1,11,NF2102,1.2774,1.442,0,0,,,,,,,,,,,,,,,,,,,,,,,,,,,,,,,,
245,23,NF2102_#BK4,B099HXSJB8,1.94E+11,X002YHZERH,1,13,NF2102,1.2774,1.442,0,0,,,,,,,,,,,,,,,,,,,,,,,,,,,,,,,,
246,23,NF2102_#RL1,B099JFQNTG,1.94E+11,X002YHZESL,45,10,NF2102,1.2774,1.442,0,0,,,,,,,,,,,,,,,,,,,,,,,,,,,,,,,,
247,23,NF2102_#RL2,B099J4ZN91,1.94E+11,X002YHX1OZ,45,12,NF2102,1.2774,1.442,0,0,,,,,,,,,,,,,,,,,,,,,,,,,,,,,,,,
248,23,NF2102_#RL3,B099HZHD3T,1.94E+11,X002YI3WYN,45,11,NF2102,1.2774,1.442,0,0,,,,,,,,,,,,,,,,,,,,,,,,,,,,,,,,
249,23,NF2102_#RL4,B099J3GBSZ,1.94E+11,X002YHZSJL,45,13,NF2102,1.2774,1.442,0,0,,,,,,,,,,,,,,,,,,,,,,,,,,,,,,,,
250,23,NF2102_#WT1,B099JHHNFR,1.94E+11,X002YHZERR,14,10,NF2102,1.2774,1.442,0,0,,,,,,,,,,,,,,,,,,,,,,,,,,,,,,,,
251,23,NF2102_#WT2,B099HVJW2W,1.94E+11,X002YHZSJ1,14,12,NF2102,1.2774,1.442,0,0,,,,,,,,,,,,,,,,,,,,,,,,,,,,,,,,
252,23,NF2102_#WT3,B099JD69QL,1.94E+11,X002YI3WY3,14,11,NF2102,1.2774,1.442,0,0,,,,,,,,,,,,,,,,,,,,,,,,,,,,,,,,
253,23,NF2102_#WT4,B099JDX21B,1.94E+11,X002YHX1OF,14,13,NF2102,1.2774,1.442,0,0,,,,,,,,,,,,,,,,,,,,,,,,,,,,,,,,
254,24,NF2103_#AG1,B098X9C6GR,1.94E+11,X002YDIKTP,13,10,NF2103,1.2774,1.442,0,0,,,,,,,,,,,,,,,,,,,,,,,,,,,,,,,,
255,24,NF2103_#AG2,B098X1TWVD,1.94E+11,X002YDP0HZ,13,12,NF2103,1.2774,1.442,0,0,,,,,,,,,,,,,,,,,,,,,,,,,,,,,,,,
256,24,NF2103_#AG3,B098X41S71,1.94E+11,X002YD9DNH,13,11,NF2103,1.2774,1.442,0,0,,,,,,,,,,,,,,,,,,,,,,,,,,,,,,,,
257,24,NF2103_#AG4,B098WWCG8G,1.94E+11,X002YDIKTZ,13,13,NF2103,1.2774,1.442,0,0,,,,,,,,,,,,,,,,,,,,,,,,,,,,,,,,
258,24,NF2103_#BK1,B098WJ83P8,1.94E+11,X002YDIKTF,1,10,NF2103,1.2774,1.442,0,0,,,,,,,,,,,,,,,,,,,,,,,,,,,,,,,,
259,24,NF2103_#BK2,B098WX3DGZ,1.94E+11,X002YDP0HP,1,12,NF2103,1.2774,1.442,0,0,,,,,,,,,,,,,,,,,,,,,,,,,,,,,,,,
260,24,NF2103_#BK3,B098WT31DJ,1.94E+11,X002YD9DN7,1,11,NF2103,1.2774,1.442,0,0,,,,,,,,,,,,,,,,,,,,,,,,,,,,,,,,
261,24,NF2103_#BK4,B098WFSG8J,1.94E+11,X002YDL9A7,1,13,NF2103,1.2774,1.442,0,0,,,,,,,,,,,,,,,,,,,,,,,,,,,,,,,,
262,24,NF2103_#DG1,B098WYMMJR,1.94E+11,X002YDL9AH,41,10,NF2103,1.2774,1.442,0,0,,,,,,,,,,,,,,,,,,,,,,,,,,,,,,,,
263,24,NF2103_#DG2,B098W2TBKB,1.94E+11,X002YDP0I9,41,12,NF2103,1.2774,1.442,0,0,,,,,,,,,,,,,,,,,,,,,,,,,,,,,,,,
264,24,NF2103_#DG3,B098X9VL6V,1.94E+11,X002YD9DNR,41,11,NF2103,1.2774,1.442,0,0,,,,,,,,,,,,,,,,,,,,,,,,,,,,,,,,
265,24,NF2103_#DG4,B098X9V42S,1.94E+11,X002YDL99X,41,13,NF2103,1.2774,1.442,0,0,,,,,,,,,,,,,,,,,,,,,,,,,,,,,,,,
266,19,NF2104_#BE1,B093WPQM7R,1.94E+11,X002W1L7LH,35,10,NF2104,3.0454,2.6056,0.5707,0.0829,,,,,,,,,,,,,,,,,,,,,,,,,,,,,,,,
267,19,NF2104_#BE2,B093WMSQRZ,1.94E+11,X002W1K9GV,35,12,NF2104,3.0454,2.6056,0.5707,0.0829,,,,,,,,,,,,,,,,,,,,,,,,,,,,,,,,
268,19,NF2104_#BE3,B093WP189F,1.94E+11,X002W1KCT5,35,11,NF2104,3.0454,2.6056,0.5707,0.0829,,,,,,,,,,,,,,,,,,,,,,,,,,,,,,,,
269,19,NF2104_#BE4,B093X3VR7X,1.94E+11,X002W1K7BX,35,13,NF2104,3.0454,2.6056,0.5707,0.0829,,,,,,,,,,,,,,,,,,,,,,,,,,,,,,,,
270,19,NF2104_#GY1,B093WPV5VZ,1.94E+11,X002W1L7LR,36,10,NF2104,3.0454,2.6056,0.5707,0.0829,,,,,,,,,,,,,,,,,,,,,,,,,,,,,,,,
271,19,NF2104_#GY2,B093WZ18WG,1.94E+11,X002W1DL1B,36,12,NF2104,3.0454,2.6056,0.5707,0.0829,,,,,,,,,,,,,,,,,,,,,,,,,,,,,,,,
272,19,NF2104_#GY3,B093WMCL9X,1.94E+11,X002W1K7C7,36,11,NF2104,3.0454,2.6056,0.5707,0.0829,,,,,,,,,,,,,,,,,,,,,,,,,,,,,,,,
273,19,NF2104_#GY4,B093WP546T,1.94E+11,X002W1K9H5,36,13,NF2104,3.0454,2.6056,0.5707,0.0829,,,,,,,,,,,,,,,,,,,,,,,,,,,,,,,,
274,19,NF2104_#PK1,B093WP1ZLX,1.94E+11,X002W1L7L7,18,10,NF2104,3.0454,2.6056,0.5707,0.0829,,,,,,,,,,,,,,,,,,,,,,,,,,,,,,,,
275,19,NF2104_#PK2,B093WMWJ48,1.94E+11,X002W1K9GL,18,12,NF2104,3.0454,2.6056,0.5707,0.0829,,,,,,,,,,,,,,,,,,,,,,,,,,,,,,,,
276,19,NF2104_#PK3,B093WMCWBY,1.94E+11,X002W1KCSV,18,11,NF2104,3.0454,2.6056,0.5707,0.0829,,,,,,,,,,,,,,,,,,,,,,,,,,,,,,,,
277,19,NF2104_#PK4,B093X8BQL6,1.94E+11,X002W1K7BN,18,13,NF2104,3.0454,2.6056,0.5707,0.0829,,,,,,,,,,,,,,,,,,,,,,,,,,,,,,,,
278,20,NF2105_#PK1,B093T5TZ5Q,1.94E+11,X002W1IVED,18,10,NF2105,3.0454,2.6056,0.5707,0.0829,,,,,,,,,,,,,,,,,,,,,,,,,,,,,,,,
279,20,NF2105_#PK2,B093T7BZC2,1.94E+11,X002W1LPJV,18,12,NF2105,3.0454,2.6056,0.5707,0.0829,,,,,,,,,,,,,,,,,,,,,,,,,,,,,,,,
280,20,NF2105_#PK3,B093T6M3WW,1.94E+11,X002W1KNHV,18,11,NF2105,3.0454,2.6056,0.5707,0.0829,,,,,,,,,,,,,,,,,,,,,,,,,,,,,,,,
281,20,NF2105_#PK4,B093T46YFK,1.94E+11,X002W1IUQ7,18,13,NF2105,3.0454,2.6056,0.5707,0.0829,,,,,,,,,,,,,,,,,,,,,,,,,,,,,,,,
282,20,NF2105_#TB1,B093TCVNHC,1.94E+11,X002W1LPKZ,37,10,NF2105,3.0454,2.6056,0.5707,0.0829,,,,,,,,,,,,,,,,,,,,,,,,,,,,,,,,
283,20,NF2105_#TB2,B093T646LC,1.94E+11,X002W1KNIF,37,12,NF2105,3.0454,2.6056,0.5707,0.0829,,,,,,,,,,,,,,,,,,,,,,,,,,,,,,,,
284,20,NF2105_#TB3,B093T5LNT4,1.94E+11,X002W1KNI5,37,11,NF2105,3.0454,2.6056,0.5707,0.0829,,,,,,,,,,,,,,,,,,,,,,,,,,,,,,,,
285,20,NF2105_#TB4,B093T61426,1.94E+11,X002W1IVF7,37,13,NF2105,3.0454,2.6056,0.5707,0.0829,,,,,,,,,,,,,,,,,,,,,,,,,,,,,,,,
286,20,NF2105_#WH1,B093T4BJBZ,1.94E+11,X002W1LPKF,14,10,NF2105,3.0454,2.6056,0.5707,0.0829,,,,,,,,,,,,,,,,,,,,,,,,,,,,,,,,
287,20,NF2105_#WH2,B093T646M2,1.94E+11,X002W1IVEX,14,12,NF2105,3.0454,2.6056,0.5707,0.0829,,,,,,,,,,,,,,,,,,,,,,,,,,,,,,,,
288,20,NF2105_#WH3,B093T7974T,1.94E+11,X002W1IUQH,14,11,NF2105,3.0454,2.6056,0.5707,0.0829,,,,,,,,,,,,,,,,,,,,,,,,,,,,,,,,
289,20,NF2105_#WH4,B093T4D8FC,1.94E+11,X002W1IUQR,14,13,NF2105,3.0454,2.6056,0.5707,0.0829,,,,,,,,,,,,,,,,,,,,,,,,,,,,,,,,
290,25,NF2106_#BE1,B09BQCFCYV,1.94E+11,X002Z5993D,35,10,NF2106,1.2774,1.442,0,0,,,,,,,,,,,,,,,,,,,,,,,,,,,,,,,,
291,25,NF2106_#BE2,B09BQFL1ZK,1.94E+11,X002Z59933,35,12,NF2106,1.2774,1.442,0,0,,,,,,,,,,,,,,,,,,,,,,,,,,,,,,,,
292,25,NF2106_#BE3,B09BQGMLMY,1.94E+11,X002Z57XO5,35,11,NF2106,1.2774,1.442,0,0,,,,,,,,,,,,,,,,,,,,,,,,,,,,,,,,
293,25,NF2106_#BE4,B09BQGWXSC,1.94E+11,X002Z592G7,35,13,NF2106,1.2774,1.442,0,0,,,,,,,,,,,,,,,,,,,,,,,,,,,,,,,,
294,25,NF2106_#BK1,B09BQF8MJH,1.94E+11,X002Z592FX,1,10,NF2106,1.2774,1.442,0,0,,,,,,,,,,,,,,,,,,,,,,,,,,,,,,,,
295,25,NF2106_#BK2,B09BQCXCZX,1.94E+11,X002Z50B2L,1,12,NF2106,1.2774,1.442,0,0,,,,,,,,,,,,,,,,,,,,,,,,,,,,,,,,
296,25,NF2106_#BK3,B09BQF5ZTK,1.94E+11,X002Z57XN1,1,11,NF2106,1.2774,1.442,0,0,,,,,,,,,,,,,,,,,,,,,,,,,,,,,,,,
297,25,NF2106_#BK4,B09BQFGK18,1.94E+11,X002Z5992J,1,13,NF2106,1.2774,1.442,0,0,,,,,,,,,,,,,,,,,,,,,,,,,,,,,,,,
298,25,NF2106_#IV1,B09BQDMYHQ,1.94E+11,X002Z57XNV,48,10,NF2106,1.2774,1.442,0,0,,,,,,,,,,,,,,,,,,,,,,,,,,,,,,,,
299,25,NF2106_#IV2,B09BQCG5TK,1.94E+11,X002Z50B2V,48,12,NF2106,1.2774,1.442,0,0,,,,,,,,,,,,,,,,,,,,,,,,,,,,,,,,
300,25,NF2106_#IV3,B09BQCQF2S,1.94E+11,X002Z57XNB,48,11,NF2106,1.2774,1.442,0,0,,,,,,,,,,,,,,,,,,,,,,,,,,,,,,,,
301,25,NF2106_#IV4,B09BQF71RM,1.94E+11,X002Z5992T,48,13,NF2106,1.2774,1.442,0,0,,,,,,,,,,,,,,,,,,,,,,,,,,,,,,,,
302,21,NF2108_#BK1,B093ZMMQT4,1.94E+11,X002W1K9GB,1,10,NF2108,3.0454,2.6056,0.5707,0.0829,,,,,,,,,,,,,,,,,,,,,,,,,,,,,,,,
303,21,NF2108_#BK2,B093ZMBN5Z,1.94E+11,X002W1L7KX,1,12,NF2108,3.0454,2.6056,0.5707,0.0829,,,,,,,,,,,,,,,,,,,,,,,,,,,,,,,,
304,21,NF2108_#BK3,B093ZLBBH1,1.94E+11,X002W1K7BD,1,11,NF2108,3.0454,2.6056,0.5707,0.0829,,,,,,,,,,,,,,,,,,,,,,,,,,,,,,,,
305,21,NF2108_#BK4,B093ZL5NWS,1.94E+11,X002W1KCSL,1,13,NF2108,3.0454,2.6056,0.5707,0.0829,,,,,,,,,,,,,,,,,,,,,,,,,,,,,,,,
306,21,NF2108_#DG1,B093ZKM1WW,1.94E+11,X002W1K9FR,38,10,NF2108,3.0454,2.6056,0.5707,0.0829,,,,,,,,,,,,,,,,,,,,,,,,,,,,,,,,
307,21,NF2108_#DG2,B093ZLT8B7,1.94E+11,X002W1L7KD,38,12,NF2108,3.0454,2.6056,0.5707,0.0829,,,,,,,,,,,,,,,,,,,,,,,,,,,,,,,,
308,21,NF2108_#DG3,B093ZLPML2,1.94E+11,X002W1K7AT,38,11,NF2108,3.0454,2.6056,0.5707,0.0829,,,,,,,,,,,,,,,,,,,,,,,,,,,,,,,,
309,21,NF2108_#DG4,B093ZMMQT3,1.94E+11,X002W1KCS1,38,13,NF2108,3.0454,2.6056,0.5707,0.0829,,,,,,,,,,,,,,,,,,,,,,,,,,,,,,,,
310,21,NF2108_#WR1,B093ZMVLNJ,1.94E+11,X002W1L7KN,39,10,NF2108,3.0454,2.6056,0.5707,0.0829,,,,,,,,,,,,,,,,,,,,,,,,,,,,,,,,
311,21,NF2108_#WR2,B093ZLKQHP,1.94E+11,X002W1K9G1,39,12,NF2108,3.0454,2.6056,0.5707,0.0829,,,,,,,,,,,,,,,,,,,,,,,,,,,,,,,,
312,21,NF2108_#WR3,B093ZMSZK4,1.94E+11,X002W1KCSB,39,11,NF2108,3.0454,2.6056,0.5707,0.0829,,,,,,,,,,,,,,,,,,,,,,,,,,,,,,,,
313,21,NF2108_#WR4,B093ZLBLFR,1.94E+11,X002W1K7B3,39,13,NF2108,3.0454,2.6056,0.5707,0.0829,,,,,,,,,,,,,,,,,,,,,,,,,,,,,,,,
314,26,SN2001_#BG1,B08ZCPWTLQ,1.94E+11,X002U9ZM4T,16,15,SN2001,3.8086,3.5185,0.5197,0.0048,,,,,,,,,,,,,,,,,,,,,,,,,,,,,,,,
315,26,SN2001_#BG2,B08ZCP5WQM,1.94E+11,X002UA25F7,16,10,SN2001,3.8086,3.5185,0.5197,0.0048,,,,,,,,,,,,,,,,,,,,,,,,,,,,,,,,
316,26,SN2001_#BG3,B08ZCR6L2X,1.94E+11,X002U9UXL1,16,12,SN2001,3.8086,3.5185,0.5197,0.0048,,,,,,,,,,,,,,,,,,,,,,,,,,,,,,,,
317,26,SN2001_#BG4,B08ZD86GCR,1.94E+11,X002UA0J5P,16,11,SN2001,3.8086,3.5185,0.5197,0.0048,,,,,,,,,,,,,,,,,,,,,,,,,,,,,,,,
318,26,SN2001_#BG5,B08ZC4945K,1.94E+11,X002U9UYJ7,16,13,SN2001,3.8086,3.5185,0.5197,0.0048,,,,,,,,,,,,,,,,,,,,,,,,,,,,,,,,
319,26,SN2001_#BK1,B08ZCV64BT,1.94E+11,X002UA0J55,1,15,SN2001,3.8086,3.5185,0.5197,0.0048,,,,,,,,,,,,,,,,,,,,,,,,,,,,,,,,
320,26,SN2001_#BK2,B08ZD5LZL8,1.94E+11,X002U9UYIN,1,10,SN2001,3.8086,3.5185,0.5197,0.0048,,,,,,,,,,,,,,,,,,,,,,,,,,,,,,,,
321,26,SN2001_#BK3,B08ZCKNMQ7,1.94E+11,X002UA25EX,1,12,SN2001,3.8086,3.5185,0.5197,0.0048,,,,,,,,,,,,,,,,,,,,,,,,,,,,,,,,
322,26,SN2001_#BK4,B08ZC8M2ZG,1.94E+11,X002U9UXKR,1,11,SN2001,3.8086,3.5185,0.5197,0.0048,,,,,,,,,,,,,,,,,,,,,,,,,,,,,,,,
323,26,SN2001_#BK5,B08ZCV9YB4,1.94E+11,X002U9UYIX,1,13,SN2001,3.8086,3.5185,0.5197,0.0048,,,,,,,,,,,,,,,,,,,,,,,,,,,,,,,,
324,26,SN2001_#MG1,B08ZCKVC3Z,1.94E+11,X002UA25FH,23,15,SN2001,3.8086,3.5185,0.5197,0.0048,,,,,,,,,,,,,,,,,,,,,,,,,,,,,,,,
325,26,SN2001_#MG2,B08ZCVT7JQ,1.94E+11,X002U9UXLB,23,10,SN2001,3.8086,3.5185,0.5197,0.0048,,,,,,,,,,,,,,,,,,,,,,,,,,,,,,,,
326,26,SN2001_#MG3,B08ZC76SC2,1.94E+11,X002UA25ED,23,12,SN2001,3.8086,3.5185,0.5197,0.0048,,,,,,,,,,,,,,,,,,,,,,,,,,,,,,,,
327,26,SN2001_#MG4,B08ZCBHHJW,1.94E+11,X002UA0H0H,23,11,SN2001,3.8086,3.5185,0.5197,0.0048,,,,,,,,,,,,,,,,,,,,,,,,,,,,,,,,
328,26,SN2001_#MG5,B08ZCBBC2K,1.94E+11,X002U9UXK7,23,13,SN2001,3.8086,3.5185,0.5197,0.0048,,,,,,,,,,,,,,,,,,,,,,,,,,,,,,,,
329,26,SN2001_#NA1,B08ZCSRZNY,1.94E+11,X002UA0J4L,4,15,SN2001,3.8086,3.5185,0.5197,0.0048,,,,,,,,,,,,,,,,,,,,,,,,,,,,,,,,
330,26,SN2001_#NA2,B08ZCLLS9Z,1.94E+11,X002U9UYID,4,10,SN2001,3.8086,3.5185,0.5197,0.0048,,,,,,,,,,,,,,,,,,,,,,,,,,,,,,,,
331,26,SN2001_#NA3,B08ZCD653V,1.94E+11,X002UA25EN,4,12,SN2001,3.8086,3.5185,0.5197,0.0048,,,,,,,,,,,,,,,,,,,,,,,,,,,,,,,,
332,26,SN2001_#NA4,B08ZC2BBWN,1.94E+11,X002U9UXKH,4,11,SN2001,3.8086,3.5185,0.5197,0.0048,,,,,,,,,,,,,,,,,,,,,,,,,,,,,,,,
333,26,SN2001_#NA5,B08ZCW278Q,1.94E+11,X002U9UTFV,4,13,SN2001,3.8086,3.5185,0.5197,0.0048,,,,,,,,,,,,,,,,,,,,,,,,,,,,,,,,
334,27,SN2002_#BG1,B08ZCDYL1V,1.94E+11,X002U9ZND9,16,15,SN2002,3.8086,3.5185,0.5197,0.0048,,,,,,,,,,,,,,,,,,,,,,,,,,,,,,,,
335,27,SN2002_#BG2,B08ZCCFQK1,1.94E+11,X002UA0I83,16,10,SN2002,3.8086,3.5185,0.5197,0.0048,,,,,,,,,,,,,,,,,,,,,,,,,,,,,,,,
336,27,SN2002_#BG3,B08ZCS5S8Z,1.94E+11,X002UA0I7T,16,12,SN2002,3.8086,3.5185,0.5197,0.0048,,,,,,,,,,,,,,,,,,,,,,,,,,,,,,,,
337,27,SN2002_#BG4,B08ZCQF5ZV,1.94E+11,X002U9UWML,16,11,SN2002,3.8086,3.5185,0.5197,0.0048,,,,,,,,,,,,,,,,,,,,,,,,,,,,,,,,
338,27,SN2002_#BG5,B08ZCFZ2XZ,1.94E+11,X002U9ZCUN,16,13,SN2002,3.8086,3.5185,0.5197,0.0048,,,,,,,,,,,,,,,,,,,,,,,,,,,,,,,,
339,27,SN2002_#BK1,B08ZCSNNDR,1.94E+11,X002U9ZCVR,1,15,SN2002,3.8086,3.5185,0.5197,0.0048,,,,,,,,,,,,,,,,,,,,,,,,,,,,,,,,
340,27,SN2002_#BK2,B08ZCTCCG6,1.94E+11,X002UA0I97,1,10,SN2002,3.8086,3.5185,0.5197,0.0048,,,,,,,,,,,,,,,,,,,,,,,,,,,,,,,,
341,27,SN2002_#BK3,B08ZCFPNW1,1.94E+11,X002U9UWMV,1,12,SN2002,3.8086,3.5185,0.5197,0.0048,,,,,,,,,,,,,,,,,,,,,,,,,,,,,,,,
342,27,SN2002_#BK4,B08ZCBL846,1.94E+11,X002U9ZNCZ,1,11,SN2002,3.8086,3.5185,0.5197,0.0048,,,,,,,,,,,,,,,,,,,,,,,,,,,,,,,,
343,27,SN2002_#BK5,B08ZD36L16,1.94E+11,X002U9ZCUX,1,13,SN2002,3.8086,3.5185,0.5197,0.0048,,,,,,,,,,,,,,,,,,,,,,,,,,,,,,,,
344,27,SN2002_#MG1,B08ZCP4XSQ,1.94E+11,X002U9UWNF,23,15,SN2002,3.8086,3.5185,0.5197,0.0048,,,,,,,,,,,,,,,,,,,,,,,,,,,,,,,,
345,27,SN2002_#MG2,B08ZD27YMJ,1.94E+11,X002U9ZCV7,23,10,SN2002,3.8086,3.5185,0.5197,0.0048,,,,,,,,,,,,,,,,,,,,,,,,,,,,,,,,
346,27,SN2002_#MG3,B08ZCSY637,1.94E+11,X002UA0I8D,23,12,SN2002,3.8086,3.5185,0.5197,0.0048,,,,,,,,,,,,,,,,,,,,,,,,,,,,,,,,
347,27,SN2002_#MG4,B08ZD874YY,1.94E+11,X002U9UWO9,23,11,SN2002,3.8086,3.5185,0.5197,0.0048,,,,,,,,,,,,,,,,,,,,,,,,,,,,,,,,
348,27,SN2002_#MG5,B08ZCJTQ35,1.94E+11,X002U9ZNDT,23,13,SN2002,3.8086,3.5185,0.5197,0.0048,,,,,,,,,,,,,,,,,,,,,,,,,,,,,,,,
349,27,SN2002_#NA1,B08ZCKXPYN,1.94E+11,X002U9UWNZ,4,15,SN2002,3.8086,3.5185,0.5197,0.0048,,,,,,,,,,,,,,,,,,,,,,,,,,,,,,,,
350,27,SN2002_#NA2,B08ZC7RDH1,1.94E+11,X002U9ZNDJ,4,10,SN2002,3.8086,3.5185,0.5197,0.0048,,,,,,,,,,,,,,,,,,,,,,,,,,,,,,,,
351,27,SN2002_#NA3,B08ZCGW5RN,1.94E+11,X002U9ZCVH,4,12,SN2002,3.8086,3.5185,0.5197,0.0048,,,,,,,,,,,,,,,,,,,,,,,,,,,,,,,,
352,27,SN2002_#NA4,B08ZBW6DYD,1.94E+11,X002UA0I8X,4,11,SN2002,3.8086,3.5185,0.5197,0.0048,,,,,,,,,,,,,,,,,,,,,,,,,,,,,,,,
353,27,SN2002_#NA5,B08ZD5PT2D,1.94E+11,X002U9ZNE3,4,13,SN2002,3.8086,3.5185,0.5197,0.0048,,,,,,,,,,,,,,,,,,,,,,,,,,,,,,,,
354,28,SN2003_#BK1,B08VHP37QD,1.94E+11,X002TT9KIT,1,15,SN2003,2.6598,2.4299,0.5819,0.0009,,,,,,,,,,,,,,,,,,,,,,,,,,,,,,,,
355,28,SN2003_#BK2,B08VHNZZZ9,1.94E+11,X002TT9FHF,1,10,SN2003,2.6598,2.4299,0.5819,0.0009,,,,,,,,,,,,,,,,,,,,,,,,,,,,,,,,
356,28,SN2003_#BK3,B08VHQHBR3,1.94E+11,X002TT7W43,1,12,SN2003,2.6598,2.4299,0.5819,0.0009,,,,,,,,,,,,,,,,,,,,,,,,,,,,,,,,
357,28,SN2003_#BK4,B08VHQH8KK,1.94E+11,X002TT7W39,1,11,SN2003,2.6598,2.4299,0.5819,0.0009,,,,,,,,,,,,,,,,,,,,,,,,,,,,,,,,
358,28,SN2003_#BK5,B08VHQ8Y74,1.94E+11,X002TT9KHZ,1,13,SN2003,2.6598,2.4299,0.5819,0.0009,,,,,,,,,,,,,,,,,,,,,,,,,,,,,,,,
359,28,SN2003_#CH1,B08VHN8R9K,1.94E+11,X002TT7W4D,17,15,SN2003,2.6598,2.4299,0.5819,0.0009,,,,,,,,,,,,,,,,,,,,,,,,,,,,,,,,
360,28,SN2003_#CH2,B08VHNT1X4,1.94E+11,X002TT9GKL,17,10,SN2003,2.6598,2.4299,0.5819,0.0009,,,,,,,,,,,,,,,,,,,,,,,,,,,,,,,,
361,28,SN2003_#CH3,B08VHNXLQY,1.94E+11,X002TT9KJN,17,12,SN2003,2.6598,2.4299,0.5819,0.0009,,,,,,,,,,,,,,,,,,,,,,,,,,,,,,,,
362,28,SN2003_#CH4,B08VHPFX93,1.94E+11,X002TT9KJ3,17,11,SN2003,2.6598,2.4299,0.5819,0.0009,,,,,,,,,,,,,,,,,,,,,,,,,,,,,,,,
363,28,SN2003_#CH5,B08VHPTDCJ,1.94E+11,X002TT9FHZ,17,13,SN2003,2.6598,2.4299,0.5819,0.0009,,,,,,,,,,,,,,,,,,,,,,,,,,,,,,,,
364,28,SN2003_#PK1,B08VHLWMNK,1.94E+11,X002TT9FGL,18,15,SN2003,2.6598,2.4299,0.5819,0.0009,,,,,,,,,,,,,,,,,,,,,,,,,,,,,,,,
365,28,SN2003_#PK2,B08VHPSK7H,1.94E+11,X002TT9FI9,18,10,SN2003,2.6598,2.4299,0.5819,0.0009,,,,,,,,,,,,,,,,,,,,,,,,,,,,,,,,
366,28,SN2003_#PK3,B08VHN6BKD,1.94E+11,X002TT9GJR,18,12,SN2003,2.6598,2.4299,0.5819,0.0009,,,,,,,,,,,,,,,,,,,,,,,,,,,,,,,,
367,28,SN2003_#PK4,B08VHQH9TP,1.94E+11,X002TT9KHP,18,11,SN2003,2.6598,2.4299,0.5819,0.0009,,,,,,,,,,,,,,,,,,,,,,,,,,,,,,,,
368,28,SN2003_#PK5,B08VHQ75Y7,1.94E+11,X002TT9FGV,18,13,SN2003,2.6598,2.4299,0.5819,0.0009,,,,,,,,,,,,,,,,,,,,,,,,,,,,,,,,
369,30,SN2004_#BK1,B08VHPFT1F,1.94E+11,X002TT7W2Z,1,15,SN2004,2.6598,2.4299,0.5819,0.0009,,,,,,,,,,,,,,,,,,,,,,,,,,,,,,,,
370,30,SN2004_#BK2,B08VHN4WBN,1.94E+11,X002TT9GJH,1,10,SN2004,2.6598,2.4299,0.5819,0.0009,,,,,,,,,,,,,,,,,,,,,,,,,,,,,,,,
371,30,SN2004_#BK3,B08VHQTKV4,1.94E+11,X002TZVFL3,1,12,SN2004,2.6598,2.4299,0.5819,0.0009,,,,,,,,,,,,,,,,,,,,,,,,,,,,,,,,
372,30,SN2004_#BK4,B08VHP48HY,1.94E+11,X002TT9KHF,1,11,SN2004,2.6598,2.4299,0.5819,0.0009,,,,,,,,,,,,,,,,,,,,,,,,,,,,,,,,
373,30,SN2004_#BK5,B08VHP5DXL,1.94E+11,X002TT9FHP,1,13,SN2004,2.6598,2.4299,0.5819,0.0009,,,,,,,,,,,,,,,,,,,,,,,,,,,,,,,,
374,30,SN2004_#CH1,B08VHNRCDX,1.94E+11,X002TT7W2P,17,15,SN2004,2.6598,2.4299,0.5819,0.0009,,,,,,,,,,,,,,,,,,,,,,,,,,,,,,,,
375,30,SN2004_#CH2,B08VHQX3M6,1.94E+11,X002TT9GJ7,17,10,SN2004,2.6598,2.4299,0.5819,0.0009,,,,,,,,,,,,,,,,,,,,,,,,,,,,,,,,
376,30,SN2004_#CH3,B08VHPLFKN,1.94E+11,X002U00FGN,17,12,SN2004,2.6598,2.4299,0.5819,0.0009,,,,,,,,,,,,,,,,,,,,,,,,,,,,,,,,
377,30,SN2004_#CH4,B08VHPF4K8,1.94E+11,X002TT9FGB,17,11,SN2004,2.6598,2.4299,0.5819,0.0009,,,,,,,,,,,,,,,,,,,,,,,,,,,,,,,,
378,30,SN2004_#CH5,B08VHQDX58,1.94E+11,X002TT9KH5,17,13,SN2004,2.6598,2.4299,0.5819,0.0009,,,,,,,,,,,,,,,,,,,,,,,,,,,,,,,,
379,30,SN2004_#PK1,B08VHNNJL2,1.94E+11,X002TT9GKB,18,15,SN2004,2.6598,2.4299,0.5819,0.0009,,,,,,,,,,,,,,,,,,,,,,,,,,,,,,,,
380,30,SN2004_#PK2,B08VHPKY7R,1.94E+11,X002TT7W3J,18,10,SN2004,2.6598,2.4299,0.5819,0.0009,,,,,,,,,,,,,,,,,,,,,,,,,,,,,,,,
381,30,SN2004_#PK3,B08VHPNSSC,1.94E+11,X002U00HU7,18,12,SN2004,2.6598,2.4299,0.5819,0.0009,,,,,,,,,,,,,,,,,,,,,,,,,,,,,,,,
382,30,SN2004_#PK4,B08VHQK969,1.94E+11,X002TT9GK1,18,11,SN2004,2.6598,2.4299,0.5819,0.0009,,,,,,,,,,,,,,,,,,,,,,,,,,,,,,,,
383,30,SN2004_#PK5,B08VHN72QN,1.94E+11,X002TT9FH5,18,13,SN2004,2.6598,2.4299,0.5819,0.0009,,,,,,,,,,,,,,,,,,,,,,,,,,,,,,,,
384,32,SN2101_#BK1,B099MPCC17,1.94E+11,X002YJNDQT,1,10,SN2101,1.2774,1.442,0,0,,,,,,,,,,,,,,,,,,,,,,,,,,,,,,,,
385,32,SN2101_#BK2,B099N1D18Y,1.94E+11,X002YJUECP,1,12,SN2101,1.2774,1.442,0,0,,,,,,,,,,,,,,,,,,,,,,,,,,,,,,,,
386,32,SN2101_#BK3,B099N3GNVX,1.94E+11,X002YJEGND,1,11,SN2101,1.2774,1.442,0,0,,,,,,,,,,,,,,,,,,,,,,,,,,,,,,,,
387,32,SN2101_#BK4,B099MZ4CR9,1.94E+11,X002YJNDR3,1,13,SN2101,1.2774,1.442,0,0,,,,,,,,,,,,,,,,,,,,,,,,,,,,,,,,
388,32,SN2101_#GY1,B099MLYG8X,1.94E+11,X002YJUEC5,36,10,SN2101,1.2774,1.442,0,0,,,,,,,,,,,,,,,,,,,,,,,,,,,,,,,,
389,32,SN2101_#GY2,B099MVJ1JW,1.94E+11,X002YJEGN3,36,12,SN2101,1.2774,1.442,0,0,,,,,,,,,,,,,,,,,,,,,,,,,,,,,,,,
390,32,SN2101_#GY3,B099N2Y2CP,1.94E+11,X002YJEGMT,36,11,SN2101,1.2774,1.442,0,0,,,,,,,,,,,,,,,,,,,,,,,,,,,,,,,,
391,32,SN2101_#GY4,B099MNF3FG,1.94E+11,X002YJUBQT,36,13,SN2101,1.2774,1.442,0,0,,,,,,,,,,,,,,,,,,,,,,,,,,,,,,,,
392,32,SN2101_#WH1,B099MZT4GZ,1.94E+11,X002YJUBQJ,14,10,SN2101,1.2774,1.442,0,0,,,,,,,,,,,,,,,,,,,,,,,,,,,,,,,,
393,32,SN2101_#WH2,B099MSP1V3,1.94E+11,X002YJNDQJ,14,12,SN2101,1.2774,1.442,0,0,,,,,,,,,,,,,,,,,,,,,,,,,,,,,,,,
394,32,SN2101_#WH3,B099MCD375,1.94E+11,X002YJUBR3,14,11,SN2101,1.2774,1.442,0,0,,,,,,,,,,,,,,,,,,,,,,,,,,,,,,,,
395,32,SN2101_#WH4,B099MQWF42,1.94E+11,X002YJUECF,14,13,SN2101,1.2774,1.442,0,0,,,,,,,,,,,,,,,,,,,,,,,,,,,,,,,,
396,33,SN2102_#BK1,B099N72323,1.94E+11,X002YJNANZ,1,10,SN2102,1.2774,1.442,0,0,,,,,,,,,,,,,,,,,,,,,,,,,,,,,,,,
397,33,SN2102_#BK2,B099N8J3M8,1.94E+11,X002YJUA65,1,12,SN2102,1.2774,1.442,0,0,,,,,,,,,,,,,,,,,,,,,,,,,,,,,,,,
398,33,SN2102_#BK3,B099NBJ7VV,1.94E+11,X002YJNCB5,1,11,SN2102,1.2774,1.442,0,0,,,,,,,,,,,,,,,,,,,,,,,,,,,,,,,,
399,33,SN2102_#BK4,B099N9BCJ5,1.94E+11,X002YJNAN5,1,13,SN2102,1.2774,1.442,0,0,,,,,,,,,,,,,,,,,,,,,,,,,,,,,,,,
400,33,SN2102_#TG1,B099N99XSB,1.94E+11,X002YJUA5V,49,10,SN2102,1.2774,1.442,0,0,,,,,,,,,,,,,,,,,,,,,,,,,,,,,,,,
401,33,SN2102_#TG2,B099N6F1WS,1.94E+11,X002YJNANF,49,12,SN2102,1.2774,1.442,0,0,,,,,,,,,,,,,,,,,,,,,,,,,,,,,,,,
402,33,SN2102_#TG3,B099NBHY7G,1.94E+11,X002YJNCAL,49,11,SN2102,1.2774,1.442,0,0,,,,,,,,,,,,,,,,,,,,,,,,,,,,,,,,
403,33,SN2102_#TG4,B099N8WMCP,1.94E+11,X002YJUCTP,49,13,SN2102,1.2774,1.442,0,0,,,,,,,,,,,,,,,,,,,,,,,,,,,,,,,,
404,33,SN2102_#WN1,B099N79TS8,1.94E+11,X002YJUA5L,50,10,SN2102,1.2774,1.442,0,0,,,,,,,,,,,,,,,,,,,,,,,,,,,,,,,,
405,33,SN2102_#WN2,B099N8XH2W,1.94E+11,X002YJNANP,50,12,SN2102,1.2774,1.442,0,0,,,,,,,,,,,,,,,,,,,,,,,,,,,,,,,,
406,33,SN2102_#WN3,B099N949XQ,1.94E+11,X002YJNCAV,50,11,SN2102,1.2774,1.442,0,0,,,,,,,,,,,,,,,,,,,,,,,,,,,,,,,,
407,33,SN2102_#WN4,B099N9PRP5,1.94E+11,X002YJUCTZ,50,13,SN2102,1.2774,1.442,0,0,,,,,,,,,,,,,,,,,,,,,,,,,,,,,,,,
